sasdate,RPI,W875RX1,DPCERA3M086SBEA,CMRMTSPLx,RETAILx,INDPRO,IPFPNSS,IPFINAL,IPCONGD,IPDCONGD,IPNCONGD,IPBUSEQ,IPMAT,IPDMAT,IPNMAT,IPMANSICS,IPB51222S,IPFUELS,CUMFNS,HWI,HWIURATIO,CLF16OV,CE16OV,UNRATE,UEMPMEAN,UEMPLT5,UEMP5TO14,UEMP15OV,UEMP15T26,UEMP27OV,CLAIMSx,PAYEMS,USGOOD,CES1021000001,USCONS,MANEMP,DMANEMP,NDMANEMP,SRVPRD,USTPU,USWTRADE,USTRADE,USFIRE,USGOVT,CES0600000007,AWOTMAN,AWHMAN,HOUST,HOUSTNE,HOUSTMW,HOUSTS,HOUSTW,PERMIT,PERMITNE,PERMITMW,PERMITS,PERMITW,ACOGNO,AMDMNOx,ANDENOx,AMDMUOx,BUSINVx,ISRATIOx,M1SL,M2SL,M2REAL,BOGMBASE,TOTRESNS,NONBORRES,BUSLOANS,REALLN,NONREVSL,CONSPI,S_P500,S_PDivYield,S_PPERatio,FEDFUNDS,CP3Mx,TB3MS,TB6MS,GS1,GS5,GS10,AAA,BAA,COMPAPFFx,TB3SMFFM,TB6SMFFM,T1YFFM,T5YFFM,T10YFFM,AAAFFM,BAAFFM,TWEXAFEGSMTHx,EXSZUSx,EXJPUSx,EXUSUKx,EXCAUSx,WPSFD49207,WPSFD49502,WPSID61,WPSID62,OILPRICEx,PPICMM,CPIAUCSL,CPIAPPSL,CPITRNSL,CPIMEDSL,CUSR0000SAC,CUSR0000SAD,CUSR0000SAS,CPIULFSL,CUSR0000SA0L2,CUSR0000SA0L5,PCEPI,DDURRG3M086SBEA,DNDGRG3M086SBEA,DSERRG3M086SBEA,CES0600000008,CES2000000008,CES3000000008,UMCSENTx,DTCOLNVHFNM,DTCTHFNM,INVEST,VIXCLSx
Transform:,5,5,5,5,5,5,5,5,5,5,5,5,5,5,5,5,5,5,2,2,2,5,5,2,2,5,5,5,5,5,5,5,5,5,5,5,5,5,5,5,5,5,5,5,1,2,1,4,4,4,4,4,4,4,4,4,4,5,5,5,5,5,2,6,6,5,6,6,7,6,6,6,2,5,2,5,2,2,2,2,2,2,2,2,2,1,1,1,1,1,1,1,1,5,5,5,5,5,6,6,6,6,6,6,6,6,6,6,6,6,6,6,6,6,6,6,6,6,6,6,6,2,6,6,6,1
2/1/2026,20729.9,16725.1,126.376,1.56512e+06,742582,102.538,98.9566,99.0908,99.0188,96.4284,99.6732,96.6505,107.112,98.4998,97.6216,97.6322,114.676,89.716,75.5986,6534.18,0.87338,172083,164723,4.29631,23.9168,2167.59,2160.74,3039.35,1201.4,1843.21,211968,158836,21503.8,566.054,8317.72,12586.7,7809.07,4779.47,137363,28636.7,6048.71,15421.6,9177.16,23330.9,40.3161,3.80017,40.7818,1430.04,168.514,276.189,646.269,349.583,1368.59,170.809,259.91,596.168,350.635,,324160,107083,1.54096e+06,2.71596e+06,1.37238,19349.6,22517.3,6888.54,5432.45,2998.09,2989.61,2775.52,5763.7,3.7981e+06,142.467,6972.33,1.15535,30.564,3.63444,3.63506,3.56995,3.51378,3.50288,3.78185,4.20056,5.33746,5.8844,0.120246,-0.410476,-0.282734,0.0701864,0.650953,0.957484,1.96409,2.96833,,0.787723,156.534,1.35208,1.37823,262.008,274.666,263.384,248.543,62.569,454.528,327.136,133.139,272.362,591.125,226.411,122.669,426.791,324.223,293.283,314.389,129.56,108.176,122.299,135.578,33.3834,38.4524,29.7392,,544017,942023,5725.53,19.2853
3/1/2026,20790.2,16766.2,126.703,1.56846e+06,746253,102.756,99.1517,99.2902,99.1462,96.6327,99.8167,96.9464,107.356,98.7804,97.7641,97.8363,114.9,89.8465,75.6126,6542.54,0.874401,172286,164939,4.29044,23.9276,2177.41,2170.77,3049.51,1207.45,1852,212843,159069,21507.6,565.894,8329.88,12584.8,7807.23,4777.87,137603,28671.2,6055.3,15444.3,9192.69,23363,40.3136,3.80288,40.7899,1449.8,169.995,276.01,645.214,346.07,1373.47,172.369,257.095,589.41,351.058,,325878,111191,1.54755e+06,2.7276e+06,1.37208,19542.4,22594.4,6904.8,5465.18,3038.03,3014.56,2810.05,5774.34,3.80691e+06,142.503,7019.12,1.1513,30.6313,3.63071,3.62676,3.57537,3.51442,3.50279,3.79071,4.19935,5.34011,5.88309,0.116079,-0.397634,-0.27997,0.0436636,0.668254,0.972497,1.97481,2.96257,,0.786045,156.405,1.35093,1.37892,259.921,271.059,263.262,247.957,65.4777,455.34,327.691,133.571,271.591,592.606,226.001,121.882,428.454,324.754,293.683,314.902,130.038,108.773,122.658,136.038,33.54,38.6443,29.8484,,546455,944632,5778.45,19.3654
4/1/2026,20849.8,16805.8,127.04,1.57179e+06,749694,102.957,99.3431,99.4746,99.3046,96.8412,99.9618,97.266,107.575,99.0581,97.894,98.0167,115.171,89.9432,75.6004,6548.06,0.873884,172479,165141,4.28768,23.9467,2183.84,2176.33,3054.92,1214.98,1857.78,213882,159293,21509.4,565.84,8340.56,12582.4,7806.19,4776.07,137840,28705.8,6062.43,15465.2,9208.05,23394,40.306,3.80366,40.8072,1424.87,169.844,275.897,647.5,343.111,1374.64,171.879,257.263,594.026,348.264,,327459,115320,1.55446e+06,2.73951e+06,1.3719,19766.3,22671.8,6921.46,5498.42,3074.95,3036.27,2845.36,5784.32,3.81568e+06,142.57,7063.16,1.14717,30.6803,3.6349,3.62596,3.57921,3.51387,3.49942,3.78827,4.20139,5.34491,5.88495,0.120255,-0.417672,-0.268879,0.0640651,0.653866,1.01308,1.96443,2.9766,,0.784934,156.283,1.35055,1.37984,257.873,267.522,263.178,247.568,68.8802,456.353,328.252,134.014,270.85,594.145,225.603,121.1,430.137,325.284,294.075,315.438,130.515,109.376,123.02,136.5,33.6963,38.8448,29.9582,,549043,947586,5831.83,19.2693
5/1/2026,20898.7,16844.8,127.38,1.57549e+06,753432,103.166,99.5289,99.681,99.4401,97.089,100.089,97.5692,107.822,99.3414,98.0432,98.207,115.484,90.1034,75.5833,6554.58,0.873903,172681,165352,4.27698,23.9639,2192.51,2183.92,3064.71,1220.63,1860.6,215336,159516,21513.4,565.625,8353.05,12580.6,7804.63,4774.71,138102,28742.9,6069.35,15487.6,9223.16,23424.9,40.3091,3.80282,40.7831,1434.19,171.84,276.905,644.813,348.532,1382.6,170.666,258.443,592.274,354.013,,329247,119898,1.56133e+06,2.75213e+06,1.37161,20004.4,22748.7,6937.5,5532.33,3118.44,3096.53,2880.73,5794.49,3.8241e+06,142.551,7111.4,1.14547,30.7219,3.63172,3.62141,3.5767,3.51214,3.48979,3.79273,4.19747,5.34533,5.88402,0.117448,-0.415446,-0.280908,0.0560567,0.661769,0.962092,2.01348,2.96278,,0.783555,156.124,1.34967,1.38111,255.841,264.059,263.091,247.483,72.8091,457.632,328.815,134.455,270.166,595.675,225.213,120.317,431.844,325.81,294.461,315.979,130.995,109.976,123.38,136.958,33.8552,39.0471,30.0714,,551468,951011,5886.36,19.3512
6/1/2026,20951,16888.4,127.696,1.57931e+06,756956,103.372,99.7296,99.8693,99.5502,97.4402,100.228,97.8862,108.053,99.6467,98.1993,98.4062,115.664,90.2622,75.5672,6562.87,0.87418,172877,165564,4.27515,23.9769,2198.61,2191.48,3070.5,1227.55,1867.98,215973,159730,21517.3,565.381,8363.6,12578.2,7803.62,4773.44,138360,28777.2,6075.87,15508.4,9238.81,23456.3,40.307,3.80729,40.7928,1436.41,170.207,274.022,649.947,346.116,1379.12,170.646,257.351,592.898,351.131,,330729,124577,1.56857e+06,2.76418e+06,1.37132,20272.7,22825.5,6954.54,5567.84,3169.66,3163.25,2916.43,5804.19,3.83198e+06,142.565,7161.8,1.14285,30.7753,3.63696,3.63875,3.58396,3.51292,3.48904,3.78382,4.19759,5.3515,5.87882,0.123553,-0.398982,-0.290252,0.0357589,0.627625,0.942859,1.95373,3.02764,,0.782386,155.968,1.3486,1.38197,253.788,260.629,262.984,247.644,77.3205,458.629,329.381,134.89,269.46,597.216,224.811,119.544,433.58,326.326,294.844,316.515,131.476,110.571,123.742,137.418,34.0162,39.2525,30.1795,,553790,954444,5942.39,19.271
7/1/2026,20999.7,16930.1,128.024,1.58246e+06,760447,103.564,99.908,100.036,99.7015,97.6878,100.354,98.1746,108.282,99.9247,98.3324,98.6081,115.97,90.4056,75.5695,6568.17,0.873499,173083,165758,4.26678,23.9953,2211.05,2199.07,3082.72,1235.7,1875.68,217164,159945,21520.7,565.677,8374.08,12575.2,7802.61,4772,138612,28811.5,6082.36,15530.5,9254.46,23486.8,40.3111,3.80896,40.7946,1427.23,171.396,271.766,645.249,345.719,1375.53,172.119,256.365,599.066,350.283,,331854,129078,1.57577e+06,2.77593e+06,1.3713,20589.2,22901.8,6971,5604.79,3231.77,3243.56,2952.75,5814.09,3.8398e+06,142.624,7213.01,1.14266,30.8545,3.64211,3.63745,3.59555,3.51789,3.48968,3.78303,4.19839,5.35198,5.87759,0.10819,-0.406475,-0.265326,0.054409,0.698489,0.989676,1.98515,2.98049,,0.781037,155.917,1.34745,1.38235,251.729,257.193,262.855,248.01,82.4368,460.048,329.956,135.352,268.764,598.744,224.403,118.782,435.338,326.845,295.24,317.066,131.964,111.173,124.12,137.878,34.18,39.4636,30.2899,,556401,958420,5999.41,19.3455
8/1/2026,21056.5,16973.4,128.351,1.58637e+06,763867,103.745,100.103,100.226,99.8632,97.9244,100.487,98.4593,108.516,100.206,98.4655,98.8164,116.316,90.4912,75.5654,6576.55,0.875171,173285,165957,4.26186,24.0073,2223.02,2208.91,3093.87,1240.63,1882.76,217839,160160,21525,565.584,8384.65,12572,7802.26,4770.44,138863,28847.9,6088.94,15551,9270.02,23516.6,40.3014,3.81399,40.7874,1432.75,168.767,274.353,647.595,348.562,1383.6,172.483,259.306,596.041,351.437,,333269,133719,1.58306e+06,2.78777e+06,1.37087,20966.8,22977.6,6987.88,5640.55,3303.12,3348.63,2989.88,5823.61,3.84764e+06,142.612,7258.62,1.13895,30.8932,3.65708,3.63605,3.6048,3.51981,3.47799,3.77861,4.20438,5.35342,5.88218,0.120819,-0.40014,-0.261905,0.078944,0.644098,0.959238,1.97643,2.98768,,0.77945,155.816,1.34648,1.38332,249.71,253.858,262.696,248.541,88.0916,461.674,330.549,135.811,268.056,600.272,224.009,118.021,437.104,327.363,295.641,317.631,132.451,111.785,124.524,138.343,34.3442,39.6759,30.4012,,559419,962187,6057.11,19.3307
9/1/2026,21115.8,17014,128.724,1.59006e+06,767502,103.94,100.277,100.42,100.007,98.2123,100.613,98.7673,108.768,100.48,98.6104,99.0217,116.615,90.6272,75.5655,6582.55,0.875652,173481,166179,4.25715,24.0312,2235.15,2216.11,3105,1243.98,1889.96,219220,160376,21528.7,565.395,8395.32,12570.1,7801.65,4768.72,139095,28883.5,6095.73,15573.8,9285.26,23548.3,40.2945,3.81757,40.7703,1432.85,168.852,274.47,642.914,347.881,1368.14,172.255,257.768,589.906,353.506,,334884,138571,1.59045e+06,2.8e+06,1.37041,21395.1,23055.7,7004.77,5680.07,3383.45,3437.97,3027.24,5833.52,3.85592e+06,142.674,7307.18,1.13345,30.9367,3.66489,3.63962,3.61077,3.52058,3.47478,3.7738,4.19971,5.35036,5.88131,0.11372,-0.404264,-0.27481,0.0655863,0.683934,0.991584,1.94291,2.97362,,0.777866,155.718,1.34571,1.3841,247.714,250.56,262.487,249.317,94.6475,463.575,331.138,136.277,267.349,601.821,223.631,117.267,438.913,327.886,296.033,318.196,132.938,112.406,124.927,138.813,34.5078,39.8917,30.5115,,562791,965580,6115.31,19.367
10/1/2026,21167.7,17055.7,129.066,1.59413e+06,770917,104.139,100.464,100.607,100.16,98.463,100.738,99.094,109.001,100.792,98.7985,99.22,116.966,90.7219,75.5478,6591.61,0.875816,173681,166405,4.24583,24.0493,2245.89,2220.89,3113.63,1253.27,1897.61,220306,160608,21532.3,565.293,8407.3,12569.3,7800.65,4767.13,139351,28917.6,6102.71,15595.5,9300.59,23580.1,40.3096,3.82042,40.7858,1432.26,168.133,274.889,644.369,347.064,1367.91,171.109,258.6,591.497,352.975,,336451,143281,1.59754e+06,2.81186e+06,1.36992,21854.3,23135.6,7022.67,5721.81,3472.7,3534.36,3065.26,5843.35,3.86456e+06,142.682,7356.27,1.13035,31.0271,3.6639,3.64846,3.60898,3.51582,3.46718,3.77423,4.19877,5.35092,5.8825,0.111233,-0.408637,-0.296963,0.0799182,0.653449,0.990495,1.99153,2.96569,,0.776092,155.684,1.34507,1.38471,245.765,247.318,262.293,250.06,102.425,465.538,331.753,136.754,266.689,603.38,223.229,116.521,440.713,328.426,296.429,318.756,133.43,113.035,125.34,139.285,34.6736,40.1143,30.6241,,566527,969386,6173.81,19.3212
11/1/2026,21219.9,17095.3,129.415,1.5974e+06,774635,104.352,100.632,100.794,100.302,98.6643,100.863,99.4022,109.256,101.1,98.9365,99.41,117.325,90.837,75.5374,6596.68,0.876804,173889,166601,4.23673,24.061,2252.67,2232.84,3126.48,1259.16,1906.48,220961,160825,21534.9,565.349,8417.9,12566.7,7799.4,4765.54,139592,28950.5,6109.6,15615.4,9315.71,23611.9,40.2936,3.8209,40.7777,1435.75,169.48,277.945,646.485,348.04,1375.41,172.158,255.659,593.8,352.746,,337974,148546,1.60425e+06,2.824e+06,1.36978,22360.4,23215.3,7039.08,5765.6,3573.93,3561.31,3103.31,5853.4,3.87235e+06,142.702,7403.35,1.12546,31.0868,3.66071,3.6472,3.6067,3.51751,3.46139,3.77687,4.19648,5.35327,5.88449,0.112431,-0.405691,-0.274073,0.0436359,0.661804,1.00342,1.98667,2.96657,,0.77491,155.579,1.34385,1.3855,243.812,244.113,262.112,250.671,111.361,467.765,332.391,137.22,266.028,604.954,222.841,115.787,442.507,328.973,296.828,319.324,133.928,113.669,125.76,139.755,34.8435,40.3335,30.7398,,570707,973653,6232.37,19.3177
12/1/2026,21272,17136.7,129.739,1.60108e+06,778177,104.547,100.824,100.983,100.442,98.8931,100.956,99.7095,109.484,101.34,99.0929,99.5968,117.677,90.9856,75.5318,6604.37,0.878121,174085,166802,4.23512,24.0533,2262.15,2239.52,3138.73,1262.21,1915.11,222260,161036,21540.1,565.69,8429.77,12563.7,7798.03,4763.99,139831,28984.8,6116.33,15636,9330.97,23643.5,40.307,3.81872,40.7848,1429.82,168.677,276.913,639.648,346.461,1362.67,170.648,259.053,590.29,349.618,,339731,154521,1.61105e+06,2.83626e+06,1.36947,22927.9,23297,7056.28,5812.87,3680.31,3520.83,3142.6,5863.15,3.87966e+06,142.748,7449.11,1.124,31.1362,3.65436,3.65072,3.6019,3.51903,3.46954,3.77933,4.20675,5.3496,5.88646,0.113855,-0.40743,-0.290299,0.0606515,0.676472,0.971139,1.9422,3.01381,,0.773492,155.36,1.34215,1.38649,241.906,240.969,261.959,251.464,121.992,470.311,333.035,137.677,265.394,606.52,222.47,115.056,444.291,329.522,297.249,319.898,134.43,114.317,126.194,140.229,35.0123,40.5666,30.8575,,574764,978102,6291.29,19.3965
1/1/2027,21329.1,17176.2,130.091,1.60468e+06,781712,104.757,100.988,101.153,100.599,99.1616,101.069,100.029,109.718,101.597,99.2401,99.8019,118.03,91.1292,75.5177,6612.45,0.878107,174280,166993,4.23965,24.0677,2273.69,2247.56,3148.14,1268.09,1925.01,223781,161270,21543.1,565.498,8441.53,12561.8,7796.28,4761.94,140072,29019.2,6122.79,15655.3,9346.73,23675.9,40.3121,3.8204,40.7883,1437.8,170.523,274.163,647.773,344.998,1376.83,171.408,256.595,595.464,353.925,,341157,159805,1.6175e+06,2.84824e+06,1.36916,23565.6,23378.7,7073.34,5864.12,3793.1,3460.99,3182.49,5872.5,3.88679e+06,142.761,7500.89,1.12206,31.1736,3.65516,3.6486,3.61123,3.51611,3.4787,3.77424,4.20509,5.35239,5.89146,0.111577,-0.433463,-0.268222,0.0600553,0.670598,0.962248,2.00851,2.97771,,0.771965,155.151,1.34089,1.38741,240.025,237.891,261.812,252.532,134.119,472.745,333.677,138.126,264.764,608.095,222.117,114.323,446.072,330.076,297.664,320.486,134.936,114.969,126.64,140.709,35.1823,40.8139,30.9768,,578798,983115,6352.08,19.2945
2/1/2027,21389.8,17216.6,130.448,1.60835e+06,785502,104.944,101.178,101.342,100.713,99.3893,101.191,100.342,109.931,101.857,99.3792,99.9897,118.321,91.3077,75.4974,6615.44,0.878752,174482,167195,4.23468,24.095,2281.05,2254.84,3153.69,1277.01,1930.2,224604,161482,21543.9,565.52,8454.61,12559.1,7794.41,4760.26,140324,29052.8,6128.88,15675.6,9362.35,23706.3,40.3238,3.81999,40.78,1428.21,171.34,277.46,646.218,345.252,1381.48,171.992,256.279,595.755,352.359,,342653,166090,1.6243e+06,2.86083e+06,1.3693,24296.4,23462.3,7091.39,5919.33,3919.86,3346.83,3223.09,5882.89,3.89331e+06,142.819,7553.5,1.11872,31.2544,3.65842,3.65264,3.61604,3.51643,3.4845,3.774,4.20831,5.3536,5.89796,0.120354,-0.418755,-0.273764,0.0427513,0.691621,0.945907,2.00961,3.00475,,0.770509,155.124,1.33954,1.38788,238.125,234.837,261.675,253.755,148.307,475.593,334.304,138.59,264.177,609.697,221.76,113.594,447.854,330.628,298.076,321.089,135.442,115.619,127.07,141.186,35.3556,41.0572,31.0928,,583029,988327,6414.56,19.2828
3/1/2027,21444.3,17257.4,130.782,1.61179e+06,789261,105.15,101.354,101.548,100.847,99.6162,101.328,100.659,110.169,102.146,99.5413,100.19,118.569,91.4567,75.4878,6622.72,0.878979,174684,167406,4.22818,24.1104,2288.39,2264.32,3166.95,1286.35,1936.7,225168,161714,21550,565.248,8467.17,12557.1,7794.4,4758.87,140573,29092.6,6135.75,15695.2,9377.67,23737.9,40.3133,3.82096,40.7842,1432.57,169.636,275.25,644.528,346.453,1369.9,171.592,256.301,590.466,350.591,,344436,172386,1.63131e+06,2.87363e+06,1.36952,25125.1,23545.6,7108.79,5975.14,4057.83,3231.29,3264.56,5892.78,3.90001e+06,142.872,7604.14,1.12037,31.339,3.65783,3.65862,3.61541,3.52178,3.48277,3.77014,4.21291,5.35517,5.8971,0.124569,-0.40821,-0.293094,0.0405865,0.66669,1.01788,1.98781,2.98202,,0.769548,154.971,1.33888,1.38885,236.259,231.797,261.543,255.153,164.653,478.689,334.922,139.064,263.655,611.339,221.381,112.867,449.644,331.194,298.486,321.685,135.951,116.288,127.491,141.663,35.5307,41.3019,31.2095,,587525,994257,6478.33,19.2885
4/1/2027,21502.8,17301,131.122,1.61542e+06,793219,105.342,101.546,101.753,100.988,99.833,101.438,100.989,110.394,102.45,99.6992,100.408,118.963,91.6177,75.4743,6634.42,0.879345,174890,167614,4.22105,24.1167,2300.81,2270.45,3177.99,1294.53,1942.46,226228,161938,21555.5,565.258,8478.6,12555.1,7793.46,4757.21,140812,29127,6142.25,15717.1,9393.14,23770.3,40.3118,3.82082,40.7796,1429.58,171.045,275.477,644.674,346.559,1373.27,171.996,257.967,592.77,349.205,,346070,178568,1.63892e+06,2.88619e+06,1.36891,26026.7,23629.6,7126.16,6031.89,4205.98,3013.55,3306.44,5902.54,3.90614e+06,142.882,7655.92,1.11626,31.4095,3.6622,3.6656,3.61854,3.5256,3.47822,3.76482,4.22195,5.35872,5.89636,0.115382,-0.404181,-0.296934,0.0662102,0.620347,0.963497,1.93022,2.934,,0.768193,154.899,1.33844,1.38926,234.416,228.845,261.394,256.764,183.972,481.841,335.556,139.545,263.194,612.971,221.038,112.138,451.445,331.768,298.91,322.271,136.464,116.958,127.916,142.136,35.7098,41.5498,31.3271,,592065,1.00106e+06,6544.96,19.6221
5/1/2027,21563.1,17342.7,131.475,1.61859e+06,797474,105.542,101.73,101.926,101.115,100.035,101.561,101.308,110.599,102.728,99.8523,100.596,119.273,91.7601,75.467,6638.97,0.879396,175091,167815,4.22507,24.1099,2310.89,2280.03,3187.66,1304.6,1949.66,226989,162147,21557.4,565.096,8489.96,12552.6,7791.33,4755.63,141050,29162.9,6148.82,15737.3,9408.81,23803.5,40.312,3.82084,40.7888,1437.26,169.01,273.962,647.057,346.637,1381.33,171.598,253.996,593.345,350.098,,347597,185581,1.64627e+06,2.899e+06,1.36851,26984.4,23714.9,7143.87,6092.1,4366.28,2811.97,3348.61,5912.87,3.91162e+06,142.916,7700.08,1.11426,31.4502,3.66806,3.66384,3.61738,3.52018,3.47686,3.76708,4.22677,5.35729,5.89821,0.110323,-0.416165,-0.285363,0.0709492,0.662274,0.950343,1.95915,2.92146,,0.766773,154.707,1.33733,1.38963,232.568,225.875,261.251,258.741,206.527,485.403,336.202,140.031,262.749,614.584,220.712,111.412,453.253,332.338,299.335,322.864,136.979,117.634,128.347,142.614,35.89,41.7997,31.4462,,596604,1.00798e+06,6612.53,19.1497
6/1/2027,21616.1,17384.5,131.825,1.62241e+06,801356,105.753,101.918,102.109,101.265,100.27,101.684,101.649,110.851,102.995,100.003,100.792,119.629,91.9255,75.4539,6640.91,0.880434,175300,168022,4.21846,24.1165,2319.86,2289.67,3195.41,1312.02,1957.49,228478,162362,21563.4,564.81,8501.25,12550.4,7790.8,4754.33,141305,29201.5,6155.45,15757.3,9424.56,23835.5,40.3143,3.82212,40.78,1431.91,167.839,273.093,638.121,344.135,1376.75,173.236,257.853,590.42,352.391,,349525,192469,1.65351e+06,2.91184e+06,1.3682,28007.3,23800.9,7161.71,6154.88,4545.64,2657.21,3391.5,5923.29,3.91738e+06,143.007,7753.38,1.11171,31.5359,3.69067,3.66849,3.61971,3.52302,3.48408,3.76558,4.22894,5.3578,5.89931,0.12439,-0.411323,-0.291579,0.0584101,0.679368,0.992088,1.94376,2.92657,,0.765798,154.645,1.33701,1.39048,230.695,222.925,261.123,260.927,233.074,489.239,336.835,140.523,262.307,616.189,220.386,110.695,455.093,332.901,299.746,323.457,137.493,118.313,128.776,143.09,36.0704,42.052,31.568,,601697,1.01532e+06,6681.73,19.3798
7/1/2027,21680.3,17428.3,132.179,1.62616e+06,805024,105.956,102.089,102.277,101.392,100.452,101.807,101.978,111.122,103.214,100.156,100.985,119.901,92.0945,75.4224,6650.6,0.880327,175504,168230,4.21889,24.1027,2330.05,2301.71,3205.93,1319.42,1965.92,229546,162572,21567.5,564.844,8512.95,12546.7,7790.28,4752.78,141545,29237.3,6162.1,15778,9439.89,23866.1,40.3037,3.82496,40.7741,1434.58,169.784,276.15,647.672,345.732,1378.55,171.949,258.74,593.399,350.811,,350985,199537,1.66063e+06,2.92456e+06,1.36835,29094.6,23885.2,7178.9,6220.2,4747.94,2515.19,3435.2,5933.47,3.92282e+06,143.009,7794.88,1.1097,31.5886,3.69526,3.66675,3.6201,3.52139,3.48278,3.76559,4.23251,5.35378,5.89968,0.108472,-0.408621,-0.290133,0.0459566,0.663135,0.993482,1.9757,2.96714,,0.764302,154.478,1.33571,1.39153,228.846,220.036,261.032,263.292,264.074,492.964,337.487,141.028,261.843,617.78,220.057,109.975,456.921,333.472,300.179,324.058,138.008,118.996,129.226,143.569,36.2505,42.3109,31.6896,,607311,1.02277e+06,6751.11,19.355
8/1/2027,21738.6,17468.8,132.533,1.63004e+06,808694,106.157,102.262,102.455,101.53,100.662,101.915,102.33,111.346,103.447,100.329,101.177,120.122,92.1837,75.3992,6658.35,0.880372,175709,168435,4.22917,24.1149,2340.82,2310.74,3209.92,1328.05,1977.6,230769,162784,21571,564.771,8523.9,12543.2,7789.23,4751.33,141782,29272,6168.92,15798,9455.64,23897.6,40.3109,3.82433,40.8005,1429.73,169.039,276.066,646.572,349.64,1379.39,171.807,256.542,590.289,351.301,,352592,206970,1.66781e+06,2.93773e+06,1.36793,30266.7,23970.7,7196.74,6288.38,4972.8,2438.74,3479.41,5943.57,3.92846e+06,143.038,7844.2,1.10888,31.6448,3.69301,3.6657,3.62047,3.52773,3.49238,3.76573,4.22954,5.35418,5.90087,0.108668,-0.388959,-0.295495,0.0575658,0.697215,0.93782,1.99169,2.95046,,0.762764,154.412,1.33449,1.39199,226.961,217.226,260.978,266.025,300.269,497.099,338.144,141.543,261.388,619.373,219.729,109.263,458.751,334.044,300.604,324.651,138.53,119.687,129.685,144.051,36.4335,42.5714,31.8132,,613335,1.03024e+06,6822.51,19.1625
9/1/2027,21792.7,17512.8,132.876,1.63381e+06,812378,106.387,102.463,102.671,101.684,100.903,102.034,102.681,111.61,103.756,100.478,101.406,120.43,92.3152,75.3959,6664.51,0.880616,175926,168637,4.22345,24.1171,2356.07,2319.79,3222.14,1336.68,1985.41,231335,163017,21577,564.804,8535.51,12541.3,7789.07,4750.2,142030,29312.1,6175.85,15821.4,9471.26,23929.2,40.2938,3.82801,40.7757,1435.62,171.469,272.196,644.136,345.879,1367.58,172.41,256.222,596.667,350.248,,353926,214076,1.67505e+06,2.95054e+06,1.36764,31544,24058.1,7213.17,6360.34,5216.29,2404.12,3524.85,5953.27,3.9337e+06,143.096,7899.12,1.10745,31.7102,3.69214,3.6629,3.62007,3.53183,3.48665,3.7663,4.23107,5.35292,5.9075,0.126433,-0.415179,-0.288602,0.0649796,0.638111,0.959564,1.9811,2.96761,,0.76114,154.28,1.33407,1.39283,225.128,214.468,260.903,268.942,343.999,501.951,338.795,142.045,260.882,620.985,219.411,108.565,460.572,334.603,301.027,325.262,139.058,120.386,130.142,144.529,36.6176,42.8327,31.9357,,620170,1.03769e+06,6893.35,19.1773
10/1/2027,21853.3,17554.8,133.246,1.63735e+06,816178,106.595,102.627,102.873,101.819,101.089,102.149,102.996,111.845,103.99,100.612,101.587,120.681,92.4697,75.3805,6669.48,0.880847,176129,168826,4.22974,24.1318,2362.53,2332.45,3236.72,1343.99,1993.27,232957,163232,21579.9,564.876,8547.65,12538.4,7786.68,4748.35,142270,29346.9,6182.36,15842.9,9487.53,23960.8,40.3073,3.83108,40.7771,1442.29,170.931,272.012,647.109,347.515,1372.45,172.141,256.835,592.558,351.609,,355784,221584,1.68252e+06,2.96316e+06,1.36727,32960.7,24147,7230.39,6436.4,5481.17,2387.66,3569.83,5963.19,3.93952e+06,143.09,7953.04,1.10264,31.7699,3.6991,3.64796,3.62362,3.53774,3.48742,3.76216,4.23804,5.35305,5.90558,0.118403,-0.420207,-0.271874,0.0430507,0.67358,0.987894,1.95064,2.93534,,0.759687,154.143,1.33296,1.3935,223.327,211.782,260.765,272.031,396.563,506.997,339.451,142.543,260.38,622.595,219.089,107.873,462.39,335.166,301.452,325.892,139.591,121.093,130.601,145.003,36.8033,43.0999,32.0589,,627279,1.04594e+06,6965.41,19.4399
11/1/2027,21913.8,17599.2,133.595,1.64145e+06,820370,106.783,102.828,103.075,101.96,101.287,102.27,103.34,112.112,104.293,100.793,101.8,120.988,92.6259,75.3935,6676.98,0.880696,176341,169047,4.21592,24.1397,2370.01,2337.11,3246.65,1353.61,2000.79,233705,163470,21585.9,564.838,8558.97,12535.9,7785.41,4746.5,142529,29384.1,6188.93,15863.3,9503.67,23992.1,40.3152,3.83244,40.7911,1432.04,169.281,273.727,643.555,347.969,1367.73,171.945,259.53,592.763,352.143,,357416,229899,1.68986e+06,2.97566e+06,1.36662,34499.2,24237.5,7248.5,6516.88,5768.38,2380.44,3615.84,5973.37,3.94519e+06,143.152,8007.34,1.10135,31.8294,3.69767,3.65275,3.63069,3.54069,3.4856,3.76013,4.23932,5.35335,5.90801,0.131544,-0.401943,-0.291472,0.0584371,0.682538,1.00074,1.99842,2.98257,,0.758276,154.082,1.33179,1.39426,221.538,209.125,260.659,275.544,459.159,512.186,340.099,143.05,259.862,624.183,218.787,107.188,464.206,335.742,301.902,326.524,140.123,121.809,131.068,145.484,36.9918,43.3738,32.181,,634976,1.05451e+06,7038.29,19.3059
12/1/2027,21975.2,17642.8,133.977,1.64538e+06,824629,107.007,103.014,103.274,102.121,101.501,102.401,103.696,112.385,104.594,100.936,102.032,121.3,92.8021,75.3764,6688.3,0.882194,176554,169264,4.21019,24.1489,2378.46,2348.83,3257.18,1358.94,2004.37,234388,163712,21592.6,564.743,8571.25,12534.6,7785.12,4745.43,142781,29422,6195.74,15885,9519.61,24024,40.3128,3.83589,40.7831,1440.01,168.746,276.766,647.121,347.576,1367.37,171.294,258.683,591.006,351.012,,359199,238351,1.6977e+06,2.98859e+06,1.36639,36183,24331.4,7265.88,6598.01,6078.48,2413.53,3661.91,5983.41,3.95062e+06,143.177,8068.54,1.10004,31.8959,3.70148,3.64879,3.63454,3.5333,3.49009,3.75812,4.24226,5.35225,5.90807,0.13067,-0.416108,-0.272531,0.062779,0.655171,0.952917,1.92598,2.97401,,0.756974,153.981,1.33093,1.39519,219.763,206.549,260.57,279.2,534.231,517.882,340.759,143.575,259.421,625.761,218.483,106.503,466.032,336.325,302.371,327.172,140.66,122.531,131.554,145.963,37.1802,43.656,32.3072,,642943,1.06353e+06,7111.37,19.299
1/1/2028,22035.3,17685,134.347,1.64882e+06,828509,107.214,103.192,103.463,102.263,101.737,102.511,104.015,112.627,104.893,101.112,102.211,121.716,92.899,75.3846,6697.74,0.882578,176753,169480,4.20875,24.1542,2385.32,2357.73,3266.63,1366.24,2011.59,235089,163932,21595.8,564.723,8582.1,12532.2,7784.52,4743.51,143039,29458.3,6202.27,15906.4,9535.4,24055.6,40.3041,3.83503,40.7769,1426.81,169.438,273.707,649.268,343.675,1372.56,171.058,256.658,593.017,353.539,,360442,247100,1.70575e+06,3.00162e+06,1.36641,37986.5,24429.1,7282.33,6682.14,6427.66,2389.34,3708.99,5993.56,3.95631e+06,143.192,8123.21,1.09616,31.9465,3.70345,3.64271,3.62928,3.54628,3.49103,3.75588,4.23942,5.35725,5.90732,0.106565,-0.418365,-0.277345,0.0657086,0.666803,1.02182,1.96456,2.94256,,0.75561,153.943,1.3294,1.39596,218.003,204.004,260.479,283.009,624.619,524.013,341.43,144.1,259.015,627.325,218.206,105.816,467.853,336.901,302.845,327.832,141.196,123.25,132.045,146.44,37.3705,43.9411,32.4346,,651421,1.073e+06,7185.62,19.2449
2/1/2028,22093.4,17726.4,134.684,1.65253e+06,832409,107.424,103.379,103.633,102.409,101.923,102.619,104.324,112.868,105.171,101.256,102.385,121.991,93.0474,75.363,6704.35,0.883142,176942,169657,4.21071,24.1824,2393.9,2369.47,3278.07,1371.87,2023.28,236489,164146,21598,564.65,8592.77,12528,7782.87,4741.6,143281,29492.3,6208.78,15927.2,9551.25,24088.6,40.3146,3.84021,40.7832,1433.22,170.115,275.928,645.187,345.357,1374.58,172.524,255.339,591.156,354.923,,361807,256244,1.71323e+06,3.01471e+06,1.36615,39925.5,24528.1,7301.14,6770.52,6814.31,2376.18,3757.33,6003.85,3.96201e+06,143.193,8182.21,1.09348,31.9918,3.70639,3.65785,3.62522,3.54842,3.48831,3.75255,4.23382,5.36063,5.90783,0.11911,-0.412586,-0.291978,0.0747449,0.666288,1.00051,2.0043,2.94551,,0.754564,153.743,1.32845,1.39675,216.3,201.492,260.368,287.207,735.312,530.675,342.1,144.617,258.568,628.877,217.924,105.133,469.689,337.47,303.3,328.495,141.738,123.984,132.534,146.922,37.559,44.2278,32.564,,660553,1.08274e+06,7262.21,19.3546
3/1/2028,22156.6,17768.8,135.038,1.6563e+06,836552,107.621,103.563,103.822,102.582,102.177,102.75,104.646,113.1,105.486,101.388,102.576,122.334,93.13,75.3513,6710.2,0.884031,177148,169853,4.21324,24.1794,2404.65,2378.83,3289.4,1379.59,2034.41,237465,164361,21601.9,564.606,8603.19,12525.2,7781.38,4739.84,143520,29529,6215.09,15948,9567.15,24119.9,40.3207,3.8428,40.7895,1433.58,169.027,274.105,646.198,347.368,1371.86,172.882,256.682,597.019,350.547,,363735,265246,1.72052e+06,3.02788e+06,1.3658,41993.6,24627.5,7319.05,6861.55,7240.28,2349.58,3806.37,6014.4,3.96774e+06,143.237,8239.26,1.09182,32.0373,3.70344,3.66853,3.62274,3.55368,3.48924,3.75267,4.23512,5.35977,5.90886,0.115904,-0.412796,-0.281781,0.0827117,0.63734,0.982112,1.99085,2.94636,,0.753582,153.677,1.32796,1.39787,214.622,199.005,260.221,291.705,870.33,537.689,342.758,145.126,258.123,630.448,217.615,104.461,471.539,338.03,303.735,329.17,142.278,124.724,133.016,147.406,37.7477,44.5249,32.6969,,669938,1.09234e+06,7340.71,19.3045
4/1/2028,22219.5,17811.5,135.406,1.66024e+06,840316,107.826,103.747,104.024,102.719,102.398,102.876,104.999,113.342,105.783,101.536,102.777,122.586,93.2336,75.3504,6721.16,0.884211,177356,170077,4.21011,24.1796,2410.62,2385.74,3298.95,1390.25,2043.9,239027,164596,21606.5,564.558,8614.18,12523.1,7779.72,4738.2,143762,29563.8,6221.78,15971.4,9583.36,24150.8,40.305,3.84544,40.7981,1437.18,168.268,273.563,647.64,348.177,1373.27,170.901,257.197,589.714,350.192,,365432,276030,1.72837e+06,3.04086e+06,1.36515,44275.7,24728.6,7336.22,6953.53,7698.42,2315.94,3856.22,6025.13,3.97344e+06,143.247,8295.86,1.08743,32.0618,3.7086,3.67627,3.6199,3.54845,3.49423,3.74706,4.23531,5.35732,5.90758,0.113431,-0.397491,-0.291624,0.0612397,0.68304,0.957864,2.00695,2.99991,,0.75255,153.477,1.32663,1.39925,212.919,196.521,260.083,296.743,1036.35,545.224,343.422,145.631,257.715,632.083,217.307,103.79,473.444,338.595,304.167,329.86,142.819,125.469,133.501,147.9,37.9345,44.8301,32.8333,,679603,1.1026e+06,7420.46,19.277
5/1/2028,22276.2,17852.7,135.733,1.66369e+06,844404,108.023,103.907,104.197,102.862,102.598,102.997,105.352,113.572,106.02,101.718,102.973,122.985,93.3738,75.3229,6729.54,0.8845,177550,170278,4.20663,24.1816,2419,2399.61,3306.87,1397.76,2051.19,240260,164812,21609.8,564.374,8624.41,12520.2,7778.05,4736.6,144014,29599.7,6228.06,15991.8,9599.21,24183.1,40.3169,3.84664,40.765,1437.41,170.791,275.833,645.358,344.913,1374.03,170.725,258.674,595.109,348.093,,366945,287640,1.73633e+06,3.05436e+06,1.36524,46776,24831.1,7355.07,7048.88,8204.46,2269.33,3907.22,6035.63,3.97906e+06,143.287,8348.7,1.08397,32.0913,3.69688,3.67604,3.62772,3.54151,3.48827,3.75006,4.23788,5.36015,5.91096,0.108435,-0.420401,-0.270623,0.0603347,0.66298,0.968862,2.04096,2.97255,,0.750659,153.303,1.32513,1.39966,211.229,194.054,259.942,302.291,1237.55,553.03,344.079,146.133,257.364,633.724,216.971,103.122,475.337,339.167,304.583,330.553,143.367,126.224,133.996,148.395,38.1227,45.1363,32.9705,,689239,1.11333e+06,7501.03,19.444
6/1/2028,22337.1,17893.7,136.09,1.66759e+06,848463,108.212,104.092,104.393,103.02,102.879,103.14,105.699,113.788,106.304,101.859,103.168,123.36,93.5218,75.3165,6733.89,0.884368,177752,170478,4.20906,24.1931,2428.5,2411.69,3316.85,1403.74,2055.84,241333,165044,21614.1,564.444,8635.25,12516.2,7776.21,4734.69,144264,29636,6234.63,16012.6,9615.16,24214.4,40.3048,3.84753,40.7731,1430.76,170.164,270.428,643.346,343.654,1374.96,171.377,256.24,592.065,349.525,,368361,297906,1.74419e+06,3.06745e+06,1.36496,49504.1,24933.8,7373.07,7148.82,8751.67,2244.99,3959.45,6046.65,3.98449e+06,143.291,8406.03,1.08091,32.1349,3.69105,3.67027,3.62879,3.53755,3.49128,3.74723,4.23386,5.35974,5.91132,0.117154,-0.423224,-0.271027,0.034919,0.65859,0.992792,1.97452,2.94797,,0.749569,153.137,1.32426,1.40049,209.545,191.648,259.774,308.049,1484.19,561.31,344.734,146.624,257.018,635.351,216.624,102.457,477.27,339.712,305.01,331.263,143.918,126.981,134.5,148.894,38.3102,45.4422,33.1111,,699520,1.12541e+06,7583.35,19.2717
7/1/2028,22406.5,17939.8,136.432,1.67094e+06,852362,108.431,104.289,104.596,103.17,103.173,103.273,106.033,113.995,106.577,102.019,103.375,123.588,93.643,75.3094,6744.51,0.884981,177967,170681,4.20366,24.2053,2439.84,2420.96,3326,1410.35,2066.12,242181,165269,21618.6,564.43,8646.98,12513.2,7775.16,4733.35,144524,29670.9,6241.79,16034.3,9630.53,24245.3,40.3025,3.84792,40.7921,1439.77,168.9,276.522,648.387,345.93,1371.73,171.954,256.55,594.284,354.603,,370514,308738,1.752e+06,3.08054e+06,1.36464,52487.3,25036.6,7391.48,7253.62,9360.11,2201.37,4011.52,6057.91,3.98973e+06,143.309,8458.86,1.07798,32.1526,3.69004,3.66002,3.63958,3.54376,3.50118,3.74518,4.23645,5.36466,5.91223,0.126178,-0.401302,-0.299281,0.0661426,0.689325,1.00309,1.9988,2.91658,,0.74796,153.026,1.32279,1.40157,207.866,189.256,259.606,314.206,1784.25,570.008,345.387,147.122,256.668,637.018,216.279,101.795,479.194,340.275,305.432,331.962,144.474,127.748,135.003,149.403,38.4966,45.7434,33.2536,,710307,1.13822e+06,7670.24,19.2403
8/1/2028,22468,17983,136.782,1.67433e+06,856319,108.63,104.463,104.803,103.326,103.418,103.389,106.342,114.219,106.859,102.176,103.588,123.998,93.719,75.2829,6754.25,0.88549,178178,170872,4.21073,24.2274,2452.34,2430.39,3347.48,1420.24,2072.72,243280,165494,21623.7,564.232,8657.01,12510.2,7774.1,4731.32,144782,29707.9,6248.77,16056.2,9646.83,24278.4,40.3111,3.84706,40.7769,1441.44,170.097,274.982,643.246,343.642,1375.95,172.298,257.936,595.715,354.138,,372274,319738,1.75984e+06,3.09369e+06,1.36458,55747.4,25137.8,7409.34,7366.47,10028.2,2173.46,4064.15,6069.3,3.99498e+06,143.324,8518.54,1.0739,32.2153,3.69049,3.66784,3.63802,3.55062,3.50065,3.74648,4.2323,5.37152,5.90632,0.116863,-0.406364,-0.273438,0.0582566,0.676767,0.949499,1.99316,3.02565,,0.74664,152.873,1.32187,1.40228,206.205,186.877,259.421,320.705,2156.45,579.396,346.056,147.636,256.335,638.658,215.943,101.133,481.12,340.843,305.869,332.634,145.032,128.522,135.505,149.912,38.6855,46.0545,33.393,,721081,1.15141e+06,7758.55,19.4324
9/1/2028,22527.2,18025.6,137.127,1.67737e+06,860445,108.837,104.647,105.004,103.474,103.611,103.52,106.663,114.452,107.12,102.317,103.788,124.349,93.8757,75.2633,6759.69,0.885985,178378,171063,4.20975,24.2411,2457.21,2438.66,3359.79,1427.84,2080.04,243941,165712,21628.1,564.352,8668.12,12506.1,7772.62,4729.4,145018,29742.6,6255.35,16076.6,9662.82,24311.7,40.3003,3.847,40.7951,1429.84,168.697,275.976,649.328,344.553,1370.55,170.972,256.464,592.721,350.85,,374024,331474,1.76768e+06,3.10691e+06,1.36463,59275.2,25240.1,7427.65,7484.6,10754.1,2164.86,4118.12,6081.19,4.00018e+06,143.386,8574.84,1.0721,32.2543,3.70946,3.66522,3.62866,3.55443,3.50245,3.74334,4.22658,5.37344,5.90582,0.108948,-0.416889,-0.285564,0.0377187,0.676972,0.983817,1.97643,2.99179,,0.744841,152.786,1.32121,1.40289,204.541,184.531,259.266,327.593,2616.3,589.218,346.718,148.161,255.958,640.314,215.588,100.473,483.039,341.391,306.296,333.287,145.592,129.303,135.995,150.427,38.873,46.3735,33.5349,,732337,1.16533e+06,7849.12,19.4371
10/1/2028,22592.6,18068,137.482,1.6812e+06,864470,109.043,104.82,105.205,103.607,103.892,103.636,106.979,114.668,107.4,102.445,103.982,124.677,94.004,75.2541,6758.69,0.885915,178570,171253,4.21293,24.2586,2470.78,2454.19,3371.31,1436.07,2087.47,244626,165943,21631.1,564.123,8678.12,12502.2,7771.85,4727.49,145256,29777,6262.11,16097.9,9679.12,24342.9,40.2968,3.8517,40.7737,1443.03,169.976,272.484,644.869,347.035,1362.19,171.455,255.783,588.405,352.915,,375733,343347,1.77586e+06,3.12081e+06,1.3647,63169.1,25341.4,7445.36,7601.52,11549.4,2195.06,4174.03,6092.97,4.00519e+06,143.416,8634.56,1.06864,32.3292,3.71563,3.67148,3.62751,3.56412,3.5013,3.74281,4.22895,5.3751,5.90651,0.117964,-0.397056,-0.273074,0.0682649,0.664822,0.976381,1.96968,2.9,,0.743272,152.685,1.32033,1.40384,202.877,182.233,259.137,335.019,3181.93,599.488,347.398,148.677,255.601,641.959,215.222,99.8165,484.971,341.945,306.713,333.94,146.153,130.092,136.501,150.943,39.0642,46.6933,33.6779,,743646,1.17931e+06,7941.71,19.2751
11/1/2028,22652.4,18106.9,137.85,1.68487e+06,868484,109.26,105.003,105.396,103.762,104.084,103.752,107.311,114.892,107.677,102.612,104.176,125.06,94.1137,75.2315,6760.96,0.886115,178787,171439,4.21566,24.2711,2485.34,2469.35,3381.06,1444.36,2095.31,246172,166163,21636.7,564.246,8689.29,12497.7,7770.22,4726.15,145509,29813,6268.59,16118.1,9695.4,24373.9,40.2976,3.84991,40.7911,1438.8,169.179,272.219,647.262,346.026,1375.35,172.588,258.229,598.621,352.689,,377460,356652,1.78388e+06,3.13436e+06,1.36466,67443.7,25445.3,7463.86,7721.86,12433.3,2255.79,4231.32,6104.42,4.01009e+06,143.418,8693.43,1.06644,32.3256,3.72088,3.66724,3.62406,3.55947,3.50072,3.74105,4.23562,5.36834,5.90807,0.116483,-0.408216,-0.288196,0.0518402,0.682996,0.988622,1.97917,2.9197,,0.742031,152.527,1.31955,1.40417,201.21,179.929,259.038,343.248,3877.92,610.143,348.089,149.189,255.272,643.647,214.851,99.1582,486.932,342.509,307.124,334.601,146.713,130.888,137.003,151.464,39.2586,47.0158,33.8252,,755154,1.19348e+06,8035.69,19.3298
12/1/2028,22708.2,18150.1,138.211,1.68887e+06,872542,109.455,105.184,105.592,103.909,104.31,103.848,107.642,115.124,107.959,102.778,104.363,125.514,94.2506,75.2068,6762.37,0.886104,179001,171648,4.2089,24.2836,2496.21,2481.22,3393.27,1451.83,2103.4,247306,166360,21639.8,564.244,8699.22,12494.6,7768.61,4724.39,145751,29849.1,6275.49,16137.4,9711.54,24407.7,40.3146,3.85197,40.7805,1433.15,170.046,272.22,643.376,345.069,1369.51,173.405,258.375,592.042,353.156,,379260,370251,1.79219e+06,3.14796e+06,1.36466,72081.2,25550.6,7482.15,7848.49,13413,2347.76,4290.27,6116.08,4.01518e+06,143.429,8753.93,1.06294,32.3675,3.72907,3.66305,3.62624,3.55967,3.51046,3.74195,4.23922,5.36961,5.90719,0.120411,-0.412373,-0.27898,0.0497752,0.679953,0.990086,1.97304,2.9824,,0.74054,152.473,1.31895,1.40482,199.555,177.677,258.894,352.215,4755.44,621.226,348.783,149.701,254.954,645.319,214.473,98.5082,488.898,343.067,307.534,335.281,147.276,131.702,137.525,151.985,39.4522,47.3316,33.9719,,766761,1.20866e+06,8130.67,19.3398
1/1/2029,22764.3,18192.9,138.543,1.69236e+06,876520,109.651,105.357,105.784,104.054,104.535,103.958,107.976,115.356,108.288,102.929,104.554,125.832,94.3829,75.1893,6770.12,0.885419,179211,171859,4.21104,24.2949,2510.18,2490.86,3402.75,1459.32,2108.53,248188,166567,21642.1,564.407,8709.85,12491.8,7766.52,4723.01,145998,29881.6,6281.89,16157.7,9728.24,24438.6,40.3051,3.85318,40.7751,1441.84,167.832,274.892,642.649,346.333,1368.11,171.434,257.32,596.142,350.29,,380798,384676,1.80018e+06,3.16157e+06,1.364,77113.7,25655.7,7499.63,7976.54,14496.2,2450.59,4350.36,6127.1,4.02095e+06,143.476,8813.37,1.06308,32.4336,3.73975,3.66452,3.63016,3.56853,3.51265,3.7403,4.23565,5.37257,5.91104,0.118616,-0.423049,-0.3018,0.0669413,0.638677,0.984394,1.94558,2.94574,,0.739243,152.282,1.31844,1.40565,197.922,175.456,258.812,361.911,5847.52,633.319,349.493,150.228,254.704,646.988,214.076,97.86,490.852,343.633,307.945,335.995,147.839,132.518,138.03,152.505,39.6415,47.6453,34.1182,,778763,1.22439e+06,8225.61,19.3145
2/1/2029,22826.9,18236.6,138.944,1.69634e+06,880583,109.853,105.552,105.961,104.173,104.795,104.102,108.315,115.601,108.59,103.084,104.759,126.138,94.523,75.174,6778.83,0.886598,179432,172067,4.21427,24.2998,2518.3,2500.05,3409.1,1465.55,2116.95,249411,166800,21644.9,564.574,8722.03,12488.5,7765.45,4721.21,146239,29918.2,6289.29,16181.9,9744.36,24470.9,40.3127,3.85349,40.7813,1429.21,169.228,273.776,642.754,345.929,1378.2,171.869,258.405,598.588,351.014,,382409,398928,1.80836e+06,3.17511e+06,1.36392,82522.5,25760.3,7517.54,8113.3,15711.7,2544.12,4410.72,6139.08,4.02635e+06,143.483,8872.82,1.06194,32.4766,3.7344,3.65449,3.6242,3.56752,3.50444,3.73698,4.23453,5.37304,5.91006,0.111412,-0.405759,-0.274301,0.073028,0.672764,0.964911,1.97963,2.92559,,0.737826,152.26,1.31805,1.40646,196.313,173.295,258.745,372.098,7221.26,645.909,350.206,150.777,254.486,648.654,213.687,97.2154,492.829,344.22,308.376,336.726,148.408,133.352,138.544,153.028,39.8305,47.9583,34.2678,,791100,1.23969e+06,8325.63,19.3088
3/1/2029,22892.2,18280.3,139.326,1.69954e+06,884812,110.048,105.74,106.151,104.322,104.99,104.211,108.659,115.823,108.858,103.236,104.948,126.515,94.6463,75.1455,6787.27,0.885996,179638,172245,4.21576,24.3193,2526.64,2512.19,3418.93,1476.9,2129.9,250673,167016,21647,564.612,8732.79,12485.4,7764.91,4719.48,146483,29952.8,6295.3,16203,9760.21,24502.2,40.2997,3.8533,40.786,1432.66,169.709,275.248,646.619,348.754,1369.06,172.004,258.192,595.029,352.037,,383798,413004,1.81632e+06,3.18884e+06,1.36379,88559.5,25863.2,7535.29,8254.43,17059.2,2696.49,4472.59,6150.93,4.03232e+06,143.477,8932.56,1.05744,32.5418,3.73369,3.65077,3.62639,3.57471,3.50497,3.74131,4.23959,5.3682,5.90965,0.110449,-0.399964,-0.26035,0.0761698,0.690329,0.962594,1.91782,3.00742,,0.736442,152.177,1.31763,1.40758,194.722,171.163,258.651,382.98,8968.87,659.513,350.897,151.324,254.253,650.274,213.295,96.5793,494.816,344.812,308.812,337.474,148.98,134.189,139.052,153.56,40.0231,48.2779,34.4167,,803704,1.25601e+06,8429.77,19.3404
4/1/2029,22955.3,18323.4,139.696,1.70341e+06,889217,110.256,105.935,106.362,104.443,105.243,104.341,108.978,116.056,109.176,103.38,105.152,126.822,94.7522,75.135,6796.63,0.885994,179853,172437,4.21656,24.3306,2531.05,2525.62,3427.54,1483.26,2139.49,251875,167241,21650.3,564.425,8743.43,12483.2,7764.5,4718.06,146731,29990.6,6302.37,16225.1,9776.48,24535.5,40.29,3.8552,40.7777,1430.03,168.837,277.364,645.717,346.307,1367.96,172.342,255.456,594.993,354.971,,385583,428646,1.82495e+06,3.2026e+06,1.36355,95202.5,25963.4,7553.34,8396.82,18540.6,2834.18,4535.58,6162.97,4.03826e+06,143.473,8998.2,1.05413,32.5744,3.73777,3.65064,3.64021,3.57458,3.5114,3.74149,4.23824,5.36534,5.91511,0.097589,-0.416496,-0.266576,0.0593645,0.652623,1.00813,1.99586,2.9575,,0.735183,151.979,1.31747,1.40825,193.14,169.069,258.505,394.479,11202.4,673.725,351.589,151.888,254.047,651.885,212.899,95.9474,496.801,345.392,309.224,338.21,149.557,135.024,139.569,154.096,40.218,48.5829,34.5645,,817273,1.27257e+06,8533.45,19.4187
5/1/2029,23013.9,18368,140.08,1.70722e+06,893652,110.442,106.126,106.578,104.613,105.461,104.468,109.315,116.288,109.489,103.523,105.347,127.243,94.9014,75.118,6808.31,0.885584,180063,172649,4.21079,24.3355,2537.42,2531.59,3434.28,1489.47,2148.42,253068,167465,21653.6,564.186,8755.25,12479.7,7763.9,4716.62,147011,30028.5,6309.21,16247.1,9792.33,24565.5,40.3213,3.85807,40.7615,1440.8,168.636,275.133,639.185,343.654,1369.55,171.367,258.356,595.601,352.634,,387649,445125,1.83304e+06,3.21651e+06,1.36361,102622,26064.5,7571.91,8548.26,20180.1,3018.2,4599.83,6175.14,4.04447e+06,143.496,9057.88,1.05002,32.602,3.72954,3.66289,3.64464,3.57091,3.51396,3.73629,4.24103,5.37092,5.91936,0.107809,-0.419176,-0.28628,0.0679907,0.651794,0.961171,1.97651,2.94214,,0.7342,151.881,1.31596,1.40939,191.57,167.002,258.362,406.798,14023.1,688.69,352.294,152.459,253.913,653.466,212.506,95.3148,498.793,345.976,309.609,338.954,150.141,135.879,140.09,154.633,40.4122,48.8915,34.7107,,831262,1.28952e+06,8640.11,19.279
6/1/2029,23073.8,18410.4,140.442,1.71064e+06,898087,110.66,106.326,106.781,104.762,105.671,104.573,109.64,116.523,109.798,103.698,105.548,127.641,95.0313,75.122,6815.49,0.885893,180274,172856,4.21606,24.3315,2548.13,2541.8,3443.34,1496.14,2155.15,255515,167700,21658.3,564.004,8766.31,12476.1,7762.94,4715.09,147266,30063.9,6315.97,16266.8,9808.37,24597.6,40.314,3.85734,40.7826,1441.8,169.838,276.219,642.401,349.003,1374.44,173.437,258.71,593.917,350.965,,389454,461038,1.84084e+06,3.23049e+06,1.36344,110650,26166.7,7589.44,8703.64,22021.6,3256.66,4666.3,6187.13,4.05072e+06,143.492,9115.23,1.05074,32.6475,3.71915,3.66292,3.63852,3.56445,3.51192,3.73874,4.24142,5.37401,5.91978,0.116753,-0.413567,-0.292984,0.0724238,0.625333,0.956795,1.98128,2.94214,,0.73311,151.728,1.31473,1.41059,190.048,164.955,258.174,420.489,17633.3,704.347,353.005,153.025,253.745,655.049,212.094,94.6824,500.801,346.572,309.997,339.707,150.73,136.734,140.617,155.177,40.6064,49.2018,34.8565,,845750,1.30654e+06,8750.55,19.3166
7/1/2029,23132,18454.6,140.792,1.71463e+06,902198,110.876,106.508,106.984,104.918,106.021,104.702,109.987,116.74,110.074,103.843,105.765,127.938,95.197,75.119,6826.21,0.886444,180480,173058,4.21177,24.3351,2559.83,2549.68,3454.94,1507.21,2166.66,255866,167934,21662.5,563.989,8776.37,12474.5,7761.96,4713.29,147534,30098,6322.6,16288.2,9825.1,24629.4,40.3263,3.85802,40.7811,1444.35,167.849,275.546,649.766,347.308,1367.73,171.312,258.106,594.912,349.276,,390975,478383,1.84943e+06,3.24398e+06,1.36313,119322,26269.4,7606.96,8869.9,24072.5,3519.79,4733.04,6198.76,4.05714e+06,143.501,9181.58,1.04832,32.7066,3.72143,3.66762,3.64672,3.55804,3.51483,3.73312,4.2394,5.37594,5.92124,0.118617,-0.41428,-0.274831,0.0495214,0.69037,0.978095,1.98274,2.97458,,0.731468,151.557,1.31428,1.41106,188.546,162.918,257.969,434.793,22230.7,720.406,353.711,153.612,253.607,656.611,211.693,94.0595,502.802,347.184,310.382,340.452,151.322,137.597,141.161,155.727,40.8024,49.509,35.0039,,861160,1.32412e+06,8864.92,19.3272
8/1/2029,23190,18495.3,141.171,1.7183e+06,906427,111.084,106.702,107.185,105.082,106.28,104.843,110.346,116.985,110.337,103.984,105.944,128.378,95.3289,75.1047,6828.73,0.887136,180699,173269,4.21406,24.3201,2573.22,2558.24,3465.85,1514.77,2176.15,256760,168165,21667.8,563.776,8788.03,12472,7759.97,4711.67,147794,30135.5,6329.45,16308.7,9841.44,24659.8,40.2899,3.85989,40.7735,1429.53,168.867,277.282,644.37,344.807,1383.76,172.566,259.216,596.559,353.115,,392420,496587,1.8577e+06,3.25814e+06,1.36335,128871,26374.4,7626.19,9041.61,26380.6,3857.89,4800.2,6209.86,4.06314e+06,143.477,9246.46,1.04509,32.7291,3.72055,3.67706,3.66398,3.55731,3.51735,3.73112,4.24007,5.37943,5.92513,0.111259,-0.416884,-0.275087,0.0508401,0.654172,0.965476,1.9461,2.96399,,0.730534,151.422,1.31356,1.4121,187.056,160.907,257.727,450.345,28177.7,737.396,354.427,154.16,253.524,658.205,211.263,93.432,504.803,347.798,310.771,341.182,151.914,138.474,141.706,156.28,40.9985,49.8199,35.1521,,877569,1.34283e+06,8978.87,19.435
9/1/2029,23256.6,18539.8,141.567,1.72262e+06,910752,111.31,106.893,107.386,105.227,106.5,104.961,110.726,117.216,110.619,104.162,106.151,128.766,95.4382,75.1048,6835.34,0.888255,180911,173472,4.20508,24.3288,2581.18,2563.1,3479.37,1520.91,2185.76,257923,168399,21671.5,563.668,8799.29,12469,7758.75,4710.36,148043,30171.6,6336.36,16330.1,9857.85,24691.8,40.3111,3.86072,40.7718,1431.15,170.755,276.112,638.657,347.802,1376.08,172.741,256.228,595.46,349.343,,394089,513117,1.86555e+06,3.27235e+06,1.36306,139357,26480.2,7643.93,9218.3,28955.9,4141.05,4867.8,6220.95,4.06897e+06,143.519,9308.48,1.04152,32.7863,3.7237,3.66953,3.66907,3.55867,3.51694,3.73408,4.24209,5.38187,5.9263,0.117497,-0.406537,-0.291844,0.0707088,0.686477,0.972757,1.93879,2.95395,,0.728879,151.323,1.31234,1.41252,185.591,158.969,257.513,466.799,35829,755.451,355.177,154.718,253.481,659.838,210.852,92.8039,506.798,348.421,311.169,341.928,152.515,139.369,142.267,156.826,41.1952,50.1277,35.2992,,894098,1.36253e+06,9093.06,19.3129
10/1/2029,23325.4,18587.2,141.948,1.7264e+06,915291,111.527,107.088,107.571,105.369,106.797,105.103,111.077,117.433,110.917,104.288,106.363,129.078,95.57,75.1079,6845.48,0.888846,181111,173692,4.1984,24.3584,2596.23,2573.82,3491.89,1530.94,2196.24,259178,168631,21675.8,563.599,8813.16,12465.6,7758.13,4708.9,148307,30209.2,6343.09,16353.1,9874.27,24726.3,40.2979,3.86282,40.7774,1438.11,170.036,274.894,647.34,346.856,1366.46,170.906,256.885,594.545,350.98,,395868,532266,1.87423e+06,3.28615e+06,1.36278,150980,26588.3,7662.88,9396.98,31869.3,4429.58,4936.42,6232.43,4.07475e+06,143.532,9373.84,1.03644,32.83,3.73158,3.66594,3.67499,3.56724,3.52132,3.73227,4.24379,5.38607,5.92738,0.11683,-0.400817,-0.272655,0.0563139,0.692273,0.945776,1.96104,2.96511,,0.727665,151.219,1.31112,1.41292,184.153,157.029,257.285,484.004,45794.3,774.18,355.926,155.276,253.48,661.523,210.451,92.1802,508.783,349.068,311.569,342.674,153.119,140.272,142.82,157.375,41.3972,50.4447,35.4483,,911308,1.38328e+06,9208.66,19.2753
11/1/2029,23392.3,18635.4,142.344,1.73015e+06,919598,111.739,107.271,107.766,105.52,107.035,105.219,111.425,117.686,111.208,104.43,106.572,129.372,95.7193,75.0986,6849.34,0.889771,181323,173910,4.19199,24.361,2607.74,2585.06,3502.56,1540.47,2206.34,259880,168864,21680.1,563.284,8824.79,12463.3,7757.18,4707.62,148572,30244.9,6349.9,16376.4,9890.64,24758.4,40.3175,3.86467,40.7884,1427.65,169.352,274.159,651.754,345.115,1368.12,173.469,258.489,591.552,350.254,,397930,551290,1.88268e+06,3.30072e+06,1.36283,163824,26697,7681.69,9580.48,35126.5,4729.29,5007.06,6244.03,4.08052e+06,143.557,9437.29,1.03419,32.9177,3.73142,3.65969,3.68153,3.56816,3.52922,3.73143,4.25132,5.38792,5.92959,0.107411,-0.409443,-0.278204,0.0672858,0.661629,0.9469,1.98975,2.95772,,0.726134,151.029,1.31018,1.41379,182.726,155.135,257.067,502.04,58766.3,794.009,356.676,155.837,253.474,663.203,210.039,91.5528,510.772,349.722,311.97,343.428,153.728,141.178,143.379,157.926,41.6005,50.7611,35.5979,,928999,1.40406e+06,9329.04,19.1941
12/1/2029,23459.5,18678.9,142.726,1.73406e+06,924123,111.973,107.469,107.971,105.653,107.312,105.344,111.758,117.918,111.503,104.611,106.792,129.75,95.9269,75.1051,6854.89,0.890456,181528,174121,4.18043,24.3698,2618.98,2597.41,3516.08,1547.34,2215.86,261164,169084,21684.4,563.15,8834.46,12459.7,7756.09,4706.39,148828,30283.3,6356.62,16398.7,9907.17,24790,40.3076,3.8658,40.7786,1426.79,170.834,276.981,647.374,344.828,1384.4,171.113,256.888,595.19,351.253,,399625,571870,1.89114e+06,3.31519e+06,1.36249,177761,26805.6,7700.35,9769.64,38786.8,4953.24,5078.98,6255.88,4.08579e+06,143.596,9487.61,1.03293,32.9908,3.73339,3.66236,3.68317,3.55897,3.52351,3.72825,4.25751,5.38867,5.92401,0.105398,-0.417118,-0.27098,0.0452476,0.672034,0.966621,1.93968,2.94311,,0.724608,150.857,1.30914,1.41444,181.326,153.276,256.851,520.76,75839.3,815.242,357.436,156.394,253.484,664.883,209.627,90.9295,512.796,350.383,312.378,344.203,154.342,142.094,143.948,158.482,41.8065,51.0826,35.7473,,947377,1.42509e+06,9450.44,19.2872
1/1/2030,23521,18724.9,143.086,1.73767e+06,928424,112.18,107.647,108.135,105.783,107.501,105.458,112.064,118.177,111.752,104.775,106.984,130.185,96.0797,75.0695,6859.18,0.889559,181730,174314,4.18226,24.4007,2635.19,2608.52,3526.33,1555.18,2223.57,262695,169304,21687.6,562.945,8843.86,12455.3,7753.81,4704.81,149087,30316.6,6363.62,16417.8,9922.93,24823.3,40.2987,3.86375,40.7939,1429.08,168.899,275.045,648.009,347.446,1371.93,172.078,256.684,590.02,351.825,,401116,592132,1.89955e+06,3.32928e+06,1.3625,193366,26914.9,7719.41,9961.42,42857.4,5152.71,5152.12,6267.88,4.09072e+06,143.577,9543.09,1.03158,32.9826,3.7275,3.66188,3.69458,3.55376,3.51321,3.72225,4.26447,5.39384,5.92667,0.104717,-0.421791,-0.279003,0.0550574,0.67964,0.994863,1.96669,2.97551,,0.722941,150.757,1.30823,1.41545,179.941,151.433,256.643,540.309,98487.7,838.244,358.192,156.942,253.539,666.531,209.222,90.3105,514.826,351.044,312.774,344.98,154.955,143.022,144.52,159.042,42.0169,51.4084,35.8947,,967037,1.44689e+06,9573.74,19.3149
2/1/2030,23574.4,18769.8,143.477,1.74105e+06,932952,112.414,107.857,108.337,105.944,107.781,105.606,112.422,118.431,112.099,104.912,107.225,130.595,96.2276,75.0571,6866.79,0.889755,181956,174545,4.18034,24.4232,2644.57,2619.59,3540.22,1562.74,2227.73,264294,169542,21693.5,562.805,8856.77,12453.6,7753.41,4703.42,149360,30355,6370.77,16441.9,9939.39,24856.6,40.3217,3.8668,40.7906,1439.65,169.935,274.266,646.958,348.544,1374.26,174.023,258.197,594.939,350.676,,402895,614514,1.90836e+06,3.34393e+06,1.36196,210679,27022.8,7736.95,10157.4,47411.8,5260.1,5225.93,6280.17,4.09543e+06,143.584,9605.16,1.03308,33.0311,3.72372,3.67286,3.68938,3.55622,3.51129,3.72522,4.26754,5.39008,5.92942,0.113605,-0.41198,-0.270398,0.0620333,0.659994,0.965818,1.98339,2.91889,,0.721647,150.695,1.30774,1.41637,178.615,149.663,256.435,560.488,128984,861.884,358.947,157.51,253.568,668.192,208.825,89.6978,516.831,351.71,313.177,345.775,155.571,143.948,145.12,159.601,42.2292,51.7438,36.0433,,987118,1.46917e+06,9699.17,19.1893
3/1/2030,23630.6,18814.6,143.848,1.74489e+06,937465,112.617,108.055,108.549,106.106,107.984,105.743,112.772,118.692,112.416,105.078,107.434,130.947,96.3763,75.0562,6875.57,0.890853,182179,174743,4.17873,24.4397,2657.42,2631.45,3554.23,1567.96,2236.82,265944,169777,21697.2,562.474,8869.84,12452.2,7751.79,4702.04,149618,30389.5,6377.72,16463.3,9955.63,24890.9,40.3066,3.86867,40.7961,1431.64,170.661,272.242,645.887,346.59,1376.36,171.569,257.001,595.187,353.055,,404552,637206,1.91718e+06,3.35895e+06,1.36167,229944,27130.8,7755.53,10358.3,52545,5325.2,5299.22,6292.05,4.10042e+06,143.625,9669.24,1.03098,33.1068,3.70952,3.67454,3.69506,3.55955,3.51005,3.71959,4.26531,5.39448,5.93253,0.12445,-0.404388,-0.292066,0.0622412,0.650587,1.00853,1.90854,2.93797,,0.720641,150.522,1.30677,1.41709,177.275,147.929,256.27,581.595,170015,886.419,359.71,158.072,253.589,669.866,208.461,89.0871,518.799,352.381,313.597,346.584,156.192,144.889,145.74,160.161,42.4434,52.0773,36.193,,1.00756e+06,1.49226e+06,9826.96,19.2316
4/1/2030,23694.5,18860.4,144.242,1.74905e+06,941723,112.849,108.239,108.761,106.263,108.26,105.88,113.12,118.94,112.742,105.266,107.659,131.371,96.5185,75.0528,6881.12,0.891502,182399,174982,4.17735,24.4442,2672.34,2641.5,3569.16,1575.86,2247.49,266918,170041,21700.9,562.272,8880.34,12450.9,7751.15,4700.63,149894,30427.8,6384.79,16486.3,9972.18,24923.8,40.302,3.86842,40.7786,1433.85,170.156,275.154,647.418,346.574,1374.9,173.595,257.713,595.834,352.692,,406504,661456,1.92568e+06,3.37346e+06,1.36135,251531,27237,7774.18,10569.8,58344.5,5194.21,5374.56,6303.9,4.1055e+06,143.669,9733.42,1.02884,33.1849,3.7149,3.67236,3.69554,3.55788,3.50304,3.71975,4.26578,5.39446,5.93495,0.104054,-0.409956,-0.298053,0.0569453,0.687201,0.975223,1.98935,2.93883,,0.719241,150.399,1.30617,1.4181,175.948,146.24,256.136,604.083,225147,912.73,360.461,158.637,253.618,671.498,208.108,88.4804,520.809,353.067,314.026,347.398,156.817,145.841,146.388,160.719,42.657,52.4164,36.3494,,1.02909e+06,1.51624e+06,9958.4,19.3698
5/1/2030,23756.4,18905.7,144.642,1.75292e+06,946302,113.064,108.448,108.96,106.425,108.51,106.005,113.469,119.198,113.039,105.433,107.882,131.716,96.7212,75.056,6891.3,0.892079,182608,175208,4.17496,24.4506,2683.46,2652.42,3579.15,1582.68,2257.2,267911,170282,21705.2,562.357,8892.13,12448.2,7750.01,4698.92,150148,30465.4,6391.75,16508.5,9988.75,24955.1,40.317,3.86886,40.7927,1430.1,169.162,274.785,643.392,344.929,1372.35,172.895,257.13,596.595,348.673,,408653,686110,1.93433e+06,3.38857e+06,1.36142,275343,27347,7791.78,10785.2,64858.6,5232.64,5451.05,6316.27,4.10989e+06,143.682,9804.67,1.02447,33.2514,3.7157,3.69108,3.69303,3.55851,3.50402,3.72188,4.26723,5.39948,5.93609,0.116019,-0.418134,-0.28665,0.0472686,0.646995,0.993386,1.93864,2.97795,,0.718028,150.339,1.30491,1.41865,174.635,144.572,255.987,628.101,299435,939.932,361.227,159.199,253.711,673.15,207.732,87.8784,522.851,353.753,314.463,348.229,157.444,146.801,147.045,161.281,42.8708,52.7565,36.5051,,1.05135e+06,1.54092e+06,10093.1,19.1341
6/1/2030,23823.6,18952.7,145.005,1.75684e+06,950832,113.302,108.658,109.168,106.59,108.752,106.135,113.86,119.44,113.355,105.598,108.092,132.101,96.8138,75.0425,6894.7,0.893786,182824,175401,4.1723,24.474,2693.21,2665.86,3587.66,1592.4,2264.89,269208,170525,21711.2,562.137,8903.99,12444.7,7748.94,4697.51,150406,30504.2,6399.01,16529.8,10005.3,24987,40.3049,3.86972,40.7814,1434.58,169.22,275.832,645.184,344.38,1374.82,170.94,257.245,596.244,353.618,,410486,709822,1.94287e+06,3.40322e+06,1.36068,301700,27455.9,7810.25,11006.8,72300.3,5118.87,5528.08,6328.46,4.11405e+06,143.701,9874.26,1.02245,33.3028,3.72008,3.69395,3.69113,3.56355,3.50188,3.72075,4.26119,5.40223,5.93511,0.110981,-0.412516,-0.294579,0.072067,0.637096,0.948138,2.00572,2.97139,,0.716482,150.173,1.30373,1.41918,173.31,142.901,255.856,653.52,399761,968.512,362.006,159.75,253.781,674.829,207.344,87.2762,524.921,354.45,314.893,349.079,158.074,147.774,147.714,161.845,43.0849,53.1091,36.66,,1.07441e+06,1.56577e+06,10229.9,19.4655
7/1/2030,23886.5,18998.4,145.373,1.76054e+06,955637,113.505,108.831,109.341,106.71,108.972,106.239,114.203,119.682,113.713,105.749,108.283,132.539,96.94,75.0229,6902.93,0.893844,183044,175592,4.17073,24.479,2706.18,2679.59,3602.78,1598.36,2271.14,270897,170754,21712.7,561.937,8913.02,12441.5,7746.46,4695.75,150662,30540.9,6405.87,16551.9,10021.3,25021,40.3048,3.86876,40.7884,1428.87,169.672,275.215,646.944,342.239,1367.35,171.089,259.496,594.388,351.452,,412206,734314,1.95143e+06,3.41799e+06,1.36091,330969,27567.1,7829.75,11241.7,80690.3,4979.63,5606.84,6340.58,4.11795e+06,143.723,9937.61,1.02241,33.3506,3.71933,3.69217,3.6921,3.5548,3.50263,3.72603,4.27051,5.40145,5.94125,0.117386,-0.40827,-0.262362,0.0620459,0.722631,0.947112,2.02795,2.95881,,0.715457,150.097,1.30294,1.41996,172.001,141.249,255.71,679.658,535359,998.609,362.778,160.305,253.892,676.474,206.962,86.675,526.984,355.139,315.323,349.912,158.712,148.762,148.38,162.413,43.3025,53.4653,36.8184,,1.09804e+06,1.59051e+06,10365.5,19.2288
8/1/2030,23955.7,19045.1,145.732,1.76471e+06,960150,113.727,109.028,109.559,106.876,109.29,106.39,114.586,119.93,114.049,105.904,108.497,132.943,97.0903,75.0247,6913.12,0.894335,183255,175811,4.16892,24.4902,2722.06,2697.09,3616.86,1603.76,2277.7,272054,170984,21716.3,561.975,8923.93,12438.7,7745.75,4694.17,150916,30580.4,6412.73,16574.7,10038.6,25056,40.3007,3.87127,40.7988,1447.42,170.9,276.028,646.317,348.595,1377.21,173.179,258.741,597.461,351.858,,414290,760179,1.96019e+06,3.43239e+06,1.36083,363728,27678,7849.39,11486.1,90331.3,4868.55,5687.5,6352.95,4.12078e+06,143.787,10000.3,1.01913,33.3852,3.72073,3.68864,3.69777,3.55776,3.49023,3.72268,4.2744,5.40324,5.94009,0.10554,-0.396561,-0.278728,0.0616627,0.684361,1.01717,1.94158,2.99567,,0.714117,150.011,1.30226,1.42065,170.674,139.606,255.594,706.945,720831,1030.71,363.553,160.841,254.012,678.069,206.587,86.082,529.031,355.827,315.755,350.754,159.359,149.764,149.046,162.991,43.5237,53.8155,36.9781,,1.12264e+06,1.6159e+06,10502.3,19.2671
9/1/2030,24028.1,19089.6,146.1,1.7681e+06,964672,113.947,109.22,109.753,107.045,109.577,106.52,114.945,120.217,114.363,106.056,108.713,133.278,97.2207,75.0121,6924.43,0.894708,183467,176025,4.15954,24.4932,2735.28,2709.99,3627.58,1610.81,2291.26,273632,171214,21719,561.78,8934.19,12434.8,7744.68,4692.66,151173,30616.8,6419.35,16596,10055.1,25089.3,40.3164,3.87707,40.7898,1428.41,168.839,272.743,647.518,346.106,1374.42,170.989,256.376,600.146,348.891,,415942,788527,1.96923e+06,3.44768e+06,1.36097,399925,27788.7,7868.99,11743.9,101254,4765.12,5769.25,6365.46,4.12418e+06,143.805,10069.8,1.01392,33.4227,3.71758,3.68953,3.70702,3.55708,3.48507,3.72134,4.27426,5.40488,5.9412,0.112052,-0.41697,-0.287181,0.0742892,0.692396,0.967109,2.00631,2.92016,,0.712785,149.948,1.3017,1.42071,169.34,138.013,255.531,735.986,974003,1064.71,364.325,161.411,254.198,679.631,206.211,85.4959,531.111,356.526,316.178,351.596,160.008,150.777,149.736,163.571,43.7449,54.1773,37.1335,,1.14751e+06,1.64231e+06,10641,19.267
10/1/2030,24098,19136.8,146.472,1.77262e+06,969449,114.144,109.415,109.953,107.196,109.866,106.64,115.334,120.47,114.683,106.217,108.934,133.618,97.3073,74.9933,6932.86,0.894784,183694,176245,4.1656,24.5195,2754.45,2718.38,3643.23,1618.37,2298.51,274655,171442,21723.5,562.088,8945.01,12432.4,7742.77,4690.95,151448,30654.1,6426.09,16618.4,10071.8,25121.3,40.2999,3.87787,40.7831,1424.71,169.231,273.577,645.857,346.59,1362.1,170.978,256.927,601.157,352.209,,418097,817364,1.97775e+06,3.46216e+06,1.36096,440819,27899.8,7887.96,12008.9,113836,4546.23,5852.8,6378.2,4.12705e+06,143.851,10140.7,1.01085,33.4642,3.73015,3.69184,3.70784,3.55523,3.47959,3.72843,4.26499,5.40331,5.94292,0.117687,-0.417848,-0.286743,0.0598986,0.690805,0.999503,2.00169,2.9772,,0.711841,149.696,1.30038,1.42112,168.013,136.431,255.471,767.021,1.31859e+06,1100.54,365.109,161.989,254.396,681.222,205.82,84.9129,533.203,357.219,316.61,352.445,160.657,151.79,150.429,164.154,43.9715,54.5419,37.2884,,1.17336e+06,1.67033e+06,10781.1,19.284
11/1/2030,24166.7,19183.5,146.855,1.77687e+06,974296,114.366,109.597,110.142,107.357,110.114,106.768,115.707,120.73,114.989,106.372,109.136,133.972,97.4589,74.9823,6942.68,0.895708,183905,176454,4.16437,24.5208,2768.42,2726.96,3652.56,1628.55,2309.59,275924,171680,21728.7,561.789,8956.82,12429.6,7740.64,4689.32,151712,30689.7,6432.8,16638.7,10088,25155.7,40.3043,3.87648,40.7984,1440.69,170.029,273.829,645.033,348.032,1374.75,171.935,257.798,594.211,351.575,,419711,845772,1.9867e+06,3.47718e+06,1.36075,486502,28009.6,7907.06,12285.3,128200,4290.88,5938.74,6390.19,4.13075e+06,143.871,10208.4,1.00785,33.4873,3.7262,3.69251,3.70342,3.55813,3.4816,3.72731,4.26671,5.40726,5.94722,0.110602,-0.406002,-0.25555,0.0650488,0.641117,0.978506,1.95573,2.9366,,0.710248,149.574,1.29908,1.42216,166.67,134.873,255.428,799.514,1.7903e+06,1137.71,365.914,162.575,254.598,682.823,205.417,84.3387,535.313,357.913,317.045,353.29,161.312,152.808,151.134,164.741,44.1995,54.9132,37.4463,,1.20053e+06,1.69923e+06,10923.4,19.3609
12/1/2030,24227.6,19227.4,147.239,1.78077e+06,978743,114.564,109.767,110.346,107.519,110.372,106.9,116.059,120.985,115.308,106.516,109.348,134.382,97.6201,74.9682,6954.01,0.896341,184124,176666,4.16229,24.5188,2779.87,2742.83,3663,1637,2320.1,277396,171910,21732.3,561.508,8968.14,12426.9,7738.6,4687.71,151982,30727,6439.98,16660.8,10104.5,25188.5,40.3104,3.87677,40.7861,1440.83,169.657,276.902,646.598,346.027,1375,171.525,257.402,593.639,355.911,,421798,877052,1.99551e+06,3.49268e+06,1.36057,537881,28121.2,7926.21,12576.7,144845,4127.52,6025.95,6402.11,4.13466e+06,143.863,10273,1.00507,33.5333,3.72964,3.69779,3.69911,3.56698,3.47478,3.7231,4.2633,5.40992,5.95042,0.118352,-0.407771,-0.278807,0.0760029,0.655751,0.980478,1.9578,2.9934,,0.709241,149.406,1.29769,1.42316,165.358,133.335,255.405,834.137,2.44046e+06,1177.12,366.717,163.159,254.833,684.426,205.014,83.7673,537.449,358.577,317.5,354.139,161.967,153.835,151.849,165.33,44.4235,55.2808,37.6043,,1.22836e+06,1.72827e+06,11067.5,19.3363
1/1/2031,24294.5,19274.6,147.601,1.78474e+06,983019,114.777,109.965,110.564,107.704,110.56,107.038,116.432,121.246,115.626,106.672,109.574,134.787,97.7573,74.9686,6957.18,0.898441,184339,176888,4.15917,24.5114,2793.06,2751.21,3677.87,1643.09,2330.18,278409,172158,21737.6,561.29,8980.72,12425.1,7738.64,4686.17,152263,30764.2,6446.5,16682.2,10121.1,25220.9,40.2887,3.8782,40.778,1432.02,170.99,274.084,652.264,347.319,1377.96,173.179,257.407,590.819,351.959,,423656,908848,2.00503e+06,3.50789e+06,1.36029,596297,28235.6,7945.68,12880.5,163933,3932.85,6115.68,6414.97,4.13866e+06,143.891,10340,1.00217,33.6011,3.73228,3.69721,3.69161,3.56416,3.47357,3.71938,4.26987,5.41248,5.95049,0.114949,-0.410828,-0.278548,0.0565762,0.669991,0.951919,1.97615,2.95008,,0.708121,149.323,1.2969,1.42373,164.032,131.783,255.405,871.726,3.34534e+06,1218.47,367.514,163.735,255.13,686.033,204.624,83.1984,539.615,359.247,317.939,354.991,162.627,154.865,152.566,165.928,44.6491,55.6604,37.7605,,1.25761e+06,1.7583e+06,11213.5,19.2554
