sasdate,RPI_value,W875RX1_value,DPCERA3M086SBEA_value,CMRMTSPLx_value,RETAILx_value,INDPRO_value,IPFPNSS_value,IPFINAL_value,IPCONGD_value,IPDCONGD_value,IPNCONGD_value,IPBUSEQ_value,IPMAT_value,IPDMAT_value,IPNMAT_value,IPMANSICS_value,IPB51222S_value,IPFUELS_value,CUMFNS_value,CLF16OV_value,CE16OV_value,UNRATE_value,UEMPMEAN_value,UEMPLT5_value,UEMP5TO14_value,UEMP15OV_value,UEMP15T26_value,UEMP27OV_value,CLAIMSx_value,PAYEMS_value,USGOOD_value,CES1021000001_value,USCONS_value,MANEMP_value,DMANEMP_value,NDMANEMP_value,SRVPRD_value,USTPU_value,USWTRADE_value,USTRADE_value,USFIRE_value,USGOVT_value,CES0600000007_value,AWOTMAN_value,AWHMAN_value,HOUST_value,HOUSTNE_value,HOUSTMW_value,HOUSTS_value,HOUSTW_value,PERMIT_value,PERMITNE_value,PERMITMW_value,PERMITS_value,PERMITW_value,ACOGNO_value,AMDMNOx_value,ANDENOx_value,AMDMUOx_value,BUSINVx_value,ISRATIOx_value,M1SL_value,M2SL_value,M2REAL_value,AMBSL_value,TOTRESNS_value,NONBORRES_value,BUSLOANS_value,REALLN_value,NONREVSL_value,CONSPI_value,S&P 500_value,S&P: indust_value,S&P div yield_value,S&P PE ratio_value,FEDFUNDS_value,CP3Mx_value,TB3MS_value,TB6MS_value,GS1_value,GS5_value,GS10_value,AAA_value,BAA_value,COMPAPFFx_value,TB3SMFFM_value,TB6SMFFM_value,T1YFFM_value,T5YFFM_value,T10YFFM_value,AAAFFM_value,BAAFFM_value,TWEXMMTH_value,EXSZUSx_value,EXJPUSx_value,EXUSUKx_value,EXCAUSx_value,PPIFGS_value,PPIFCG_value,PPIITM_value,PPICRM_value,OILPRICEx_value,PPICMM_value,CPIAUCSL_value,CPIAPPSL_value,CPITRNSL_value,CPIMEDSL_value,CUSR0000SAC_value,CUSR0000SAD_value,CUSR0000SAS_value,CPIULFSL_value,CUSR0000SA0L2_value,CUSR0000SA0L5_value,PCEPI_value,DDURRG3M086SBEA_value,DNDGRG3M086SBEA_value,DSERRG3M086SBEA_value,CES0600000008_value,CES2000000008_value,CES3000000008_value,UMCSENTx_value,MZMSL_value,DTCOLNVHFNM_value,DTCTHFNM_value,INVEST_value,VXOCLSx_value
2014-12-01,13730.41513306509,11382.895077119323,113.46498301622944,1200061.1632935754,452582.8585769131,107.22234151823996,100.75535310628808,103.2986280527364,100.07634526889382,106.726080344965,98.6296018355498,110.78206148906962,115.42542453905948,119.62451281019156,92.43951408956842,102.81758146052418,106.62142126672065,114.9576598774867,78.6504463604221,156558.32527069506,147502.70347425877,5.759991615946156,33.10504149516151,2517.6014960162784,2368.500896356633,4218.3722397084475,1413.3717608392535,2805.704186668091,295.21686638010954,140299.52580961803,19270.979345245534,869.8496238861475,6115.479966936667,12229.970041012555,7749.81799189504,4480.319946914756,121049.45477394645,26683.841738033683,5902.73693321829,15533.11205562139,8025.263558106182,21956.305011947792,40.31589709633485,4.538020186630681,40.82703704156854,1086.0365463082524,135.38801097509267,208.3888294926456,479.6395013672082,245.72321219101752,1020.0696021499854,134.9523027162607,194.50352890758617,423.4381197064678,246.79351028497535,208901.82924530873,245390.05701189392,84166.41741510348,1183998.4387439378,1770166.678207348,1.2945644160710796,2847.8456967531524,11607.902559311367,4881.925618244985,3654.8406312633138,2384.2900505056164,2407031.8491261615,1779.255426130509,3618.4027967090337,2409.458758968585,0.1611500106015888,2075.673608665126,2752.3658144174956,1.9072432340660908,19.756703874042795,0.1419436290093562,0.1885088361337977,0.0849099998755266,0.1360880370430769,0.2001559383861689,1.6783337174982875,2.372506889592749,3.932155435423499,4.768837996201194,0.1421847868344317,-0.3214687874577853,-0.1633382624426946,0.2439366398467724,1.2839432610596837,1.8458244651173468,2.8118786420597788,3.831525314648472,82.62582390481444,0.9607982919712283,116.104045622949,1.579191716999787,1.1304744419013133,198.13774970083745,211.1382205873876,197.61878407194237,234.01544862510957,68.4709090380671,198.44000455435335,236.5423009671599,125.21866692457802,206.64027310859643,441.3401025941494,184.55589501926593,108.22994232145982,287.976738005001,235.0618037000805,224.45291208285593,226.6532142795612,108.86471262629269,90.77660096516372,110.86014831777594,111.38812498014464,21.720223095313273,24.88036749798588,19.632600333878,89.32128736554638,12885.866004916032,327067.77441433596,870979.744285799,2885.8539049139476,16.709809882250042
2015-01-01,13768.218299186605,11415.563241415555,113.83661667729842,1206844.7829231543,456489.27113919106,107.91706867189826,101.35558728332694,103.92692252394568,100.57999541767828,107.9330353786714,98.93122272698022,111.85596454944108,116.2513520841179,120.87178504347474,93.0415261391559,103.56449336486445,106.68585429103187,115.21452126605868,79.0416407743133,156725.02916175756,147758.35005879175,5.6980969115945435,33.19097374984897,2502.5358633568753,2338.25443841348,4166.267956041798,1387.3113821084198,2781.435350150261,290.28430145470685,140601.1482381579,19304.206213470985,870.9727088618573,6127.134967452099,12251.541005909849,7767.40054221513,4484.54403054062,121337.3844638109,26745.561267665373,5915.367862620236,15572.589730713767,8038.869648522363,21979.03686213179,40.393479236496475,4.586312282257985,40.91025900899949,1088.576953132609,135.64573219544707,210.1236492088192,479.7898509011489,246.2152163487181,1021.4631829284702,135.1596875848307,195.78841969597124,423.1616069233388,246.9858161156847,211578.6871019066,249420.8499774174,85898.65017813933,1189876.2344494215,1781326.418116708,1.2872635971961053,2839.405192241152,11647.59968245088,4882.66832103991,3459.715657702519,2187.7681496693713,2160055.5769442944,1799.8089997594786,3620.623815949701,2423.710981981849,0.1611957338395485,2116.1062902391795,2806.8068085894834,1.8754489214479373,19.763268053504113,0.219400772498798,0.2746056625521495,0.1751515314182888,0.2280105483153733,0.2970008117760458,1.7563544845651555,2.4285478036890713,3.948347050464736,4.741074423885266,0.131945101274791,-0.2919127632512305,-0.1321225514445587,0.2873157666633762,1.3515739372402569,1.9160314555705944,2.8248779909124644,3.782087237407143,82.41529392387588,0.9570129419775052,115.96181105043806,1.5834988859936854,1.1273167083461049,197.4231727084241,210.06499818326836,196.28875007015705,233.32036685628972,62.41042995249418,201.50259181265096,236.23262219336377,123.89643537583125,203.8094707958269,443.2778687377578,183.26103673974805,107.45282632482994,288.6034099283296,234.6241118747079,223.75717581807547,226.2617693876743,108.7702972817846,90.17972205208568,110.12637050443476,111.6106935346046,21.730796732154005,24.897611282080184,19.638615158771085,89.9616783754817,12936.979734218095,328619.1733146813,873091.1915092412,2901.331427195336,15.15422611550136
2015-02-01,13811.444535027673,11453.091763880497,114.18969040342446,1212990.9498895097,459632.77386139263,108.58091267706938,101.92049009642358,104.52736191325909,101.05603765750269,109.07898942111144,99.21818918830952,112.89071800717302,117.05215869891305,121.98943591856212,93.60531227328416,104.25542157277528,106.81716749132366,115.59189960810652,79.3834506392106,156891.45416006065,148000.55705774226,5.645391777831322,33.27522581324598,2492.0382424646655,2312.8491169551767,4126.71856444605,1367.394573609574,2762.8110720134164,286.0339400358381,140886.44394084488,19333.708381715856,872.1010871427221,6137.868871274045,12270.4990877587,7783.208884104325,4487.9361134748015,121613.5355007907,26802.175640620673,5926.930051899643,15609.078021603082,8052.744201382599,22003.951856457858,40.37050956130803,4.627383067437665,40.88277574915021,1126.095341298501,139.35651002515328,218.311438550981,496.1189237688212,255.0764267727948,1054.9996779706862,138.7323395012512,202.67996134595975,436.0370897281169,256.93276330572746,213375.86877911183,253179.5105835417,87636.9564818203,1195907.259344183,1792057.9776278038,1.2827896298616563,2827.8785044470205,11683.100960679336,4887.598602923283,3274.267071096,1998.4194140802845,2028616.7019106569,1821.3506280451957,3623.5118967333706,2438.3944439658994,0.1612029397535843,2143.46083083782,2843.739487713659,1.8586353595842415,19.682285176286328,0.2754004946328342,0.346707200647018,0.2486244904268855,0.3047879377562539,0.3786723395089878,1.8197698295455784,2.47652107518688,3.9711120219100136,4.740958685799125,0.1455433420507967,-0.3207412769172236,-0.1591965519876812,0.2559735501459484,1.2637797620900506,1.7961501476085953,2.7189890261155507,3.687343181280075,82.4047412268695,0.9555554235260006,115.87878849731938,1.583894923985478,1.1272455018343666,196.64210280639497,208.90288786802657,194.90896505765065,231.95453470534204,56.61023895466788,204.54352261701348,235.87896339539589,122.61784091768448,200.86868372663088,445.21358710219255,181.904850115284,106.67519590975286,289.2252012624708,234.14230808244128,223.0113430826291,225.83448183656697,108.66505811609125,89.58116818947613,109.34814209036328,111.83554945465356,21.742039515788314,24.905920986872403,19.64837065551836,90.42281357195112,12982.06338881851,330593.24779637594,876238.3267992632,2916.9848932527566,16.293229617308505
2015-03-01,13855.341695290135,11491.31028827034,114.54706777318552,1219191.311494138,462810.3027962228,109.24969708899742,102.49063624060682,105.1327043802583,101.53405433672984,110.23337199162614,99.50654102426216,113.9399576806918,117.85765425771076,123.12221205323534,94.1699290003904,104.95303002910843,106.9464553373994,115.9682342664356,79.72227090755045,157060.80451906778,148247.060680911,5.59185217041844,33.35190998468214,2481.835431401317,2287.8212154464895,4086.2297307015806,1347.6523582148031,2743.0020735467815,281.89044231670437,141176.2133835542,19364.25917914822,873.2571506683872,6149.385188990145,12289.75302895866,7799.314709366597,4491.337644991504,121893.28513272088,26859.59154010658,5938.70346920055,15646.000169009656,8066.964448529945,22029.372427458053,40.37403574005785,4.667857610044322,40.88544611910357,1143.0386856711311,141.05800871741857,222.0192649605661,503.03966230310255,259.50204205551506,1070.6592513968922,140.44194953319263,206.00809355588663,441.9565995165795,261.42944827204,215187.13218406952,256995.980936382,89409.43668276333,1202133.7496598028,1802938.2351308097,1.2783571803394909,2813.368954362895,11714.51562236146,4892.5258556838835,3098.1411568820376,1817.7042858364616,1906756.814421952,1843.9104313569549,3627.079256672329,2453.5072571186556,0.1612077092028555,2171.173476391697,2881.1010815663785,1.8420383559081537,19.59735576421619,0.3317526092558734,0.4190657423491988,0.3216554627317315,0.3811205679503343,0.459767069547614,1.8823464401061936,2.5237858405797775,3.9937872063816378,4.741303216779557,0.1423289214892906,-0.3263239347804489,-0.1653291267908778,0.2506646662111155,1.2403864773552051,1.7583448190833884,2.671481700291423,3.6301149558338146,82.39369564666846,0.9541312645465784,115.80402527630967,1.5843870593028218,1.1271628028701564,195.79560356160408,207.6536545110475,193.48027212132249,229.9313235951978,51.09760852129434,207.55528764064783,235.4818441692384,121.38132107956274,197.82384408212124,447.14715779030337,180.4892155287261,105.89684151244909,289.84216106278603,233.61687878532595,222.216243806767,225.37176392407144,108.54903716307784,88.98089893425467,108.52688511107286,112.06259744624958,21.753961578221652,24.905372674283345,19.661833213339943,90.87024913454616,13021.273223114766,332987.1263605563,880412.1326064592,2932.8111302625266,16.232132505437797
2015-04-01,13896.8467012245,11526.801091231728,114.9026054991341,1225030.2233038617,466046.3884870003,109.86328136902888,103.01798232087845,105.69039176957423,101.97424926675748,111.2759626217756,99.77793632203571,114.90816347938302,118.59133328518232,124.18027844081556,94.6841727129022,105.59758587846522,107.08349469412047,116.28463424667892,80.0176709018948,157234.385332232,148486.78985146,5.544870373907558,33.4214453595988,2472.496232115892,2266.408366596509,4051.051922119103,1330.3012549804744,2726.218548178756,278.32407662393854,141456.6421996931,19390.76901124971,874.2631905263265,6160.246764295182,12305.881798310083,7812.991900032639,4494.021644275806,122168.5661123716,26914.85729038772,5950.0111281564195,15681.742212406078,8081.141728378935,22055.427637637164,40.348074306621584,4.704042868494888,40.856048402165825,1167.6546208029629,143.5551243703916,226.6785848239932,513.1793787567359,266.4757919018085,1094.526379199289,143.05353323003064,210.57608973679888,451.37908341936026,268.2666770635076,217056.10930897796,260495.2485866098,90990.73503922152,1208294.6260194688,1813546.7531089103,1.2738852939430505,2796.2669586799766,11741.993497693746,4897.528058521698,2928.6743618202577,1645.548125255375,1802683.9037003396,1867.486776416305,3631.094592530624,2469.1755855314404,0.1612303579022414,2200.0498508779965,2920.1345421057313,1.8241400274505248,19.54883902668915,0.383535551922574,0.4822140975425416,0.3862248772128634,0.4479970700613938,0.5305971191653485,1.937789200965468,2.5649688901299466,4.011089112962377,4.734700163067622,0.1343576734406992,-0.3448425231312981,-0.1869280012259151,0.2259576030229549,1.1809310728482327,1.675284161977406,2.59112830728609,3.55665513091506,82.32812809255131,0.952020384384343,115.69405850412056,1.5855303280755364,1.1263791227583495,194.99543881450964,206.47235828236936,192.13218790202907,227.8921583020793,46.08779018987533,210.7192200860576,235.10334585846223,120.18970852355623,194.93315955241107,449.07757662979583,179.12143333377114,105.12101356243002,290.463754101013,233.1176047831616,221.45590549266325,224.9357995582762,108.44034749104236,88.38437927839152,107.73575978738478,112.2933762355774,21.766376481262704,24.896353189151608,19.678304776945353,91.29212359060348,13054.82139004839,335779.98478096206,885528.0282587773,2949.174368360033,16.48479268646137
2015-05-01,13938.726302623656,11562.568849980293,115.25918297083452,1230786.077063145,469259.4108369283,110.466953406108,103.53771110981002,106.2398634219822,102.40634348215848,112.2968504110323,100.0458905094404,115.86666602511166,119.312083214813,125.22339755300516,95.18627759053714,106.23181986612876,107.22577897126692,116.597944692488,80.29940922263269,157410.57190954624,148726.9117274316,5.499293455959204,33.4848804815253,2463.8273320615685,2246.201907089491,4017.164791701979,1313.9031509770723,2709.681699783873,274.9684418181321,141736.88084257662,19416.878886387454,875.2582197240753,6171.398649562095,12321.403491732985,7826.256796776265,4496.5137893677265,122444.399513774,26969.83532090223,5961.282221984934,15717.310252597828,8095.546979402952,22082.08126887716,40.34364394499175,4.7385205725906765,40.85011304099735,1186.084784615642,145.39419540869744,230.5763147197787,520.7863151777456,271.3531463007694,1111.690714386111,144.9103392798406,214.11341596797047,457.94594262326865,273.2492555963233,218879.1829053586,263945.3492173992,92553.64944311256,1214579.8389403848,1824168.1654850247,1.269641161283673,2776.7659174973087,11765.77974184622,4902.855469468837,2766.1159778785545,1483.2796744353825,1712598.1905111778,1892.0783968317976,3635.555349822824,2485.372114772456,0.1612520207752413,2228.40016775202,2958.4557600185353,1.8072410716552223,19.498185553490764,0.4330823700921373,0.5427486733482769,0.4476878287654429,0.5116987938977235,0.5980174055202935,1.9902929981095616,2.6039757164053463,4.027813095422347,4.729123462809483,0.1319003562156111,-0.3538813095351818,-0.196752518696772,0.2157357035545028,1.1489177578977756,1.6276306720890246,2.53908569299886,3.5007880117329964,82.26685803900986,0.9499747268926166,115.58695141200091,1.5865645740711625,1.1256855963890675,194.23195482087425,205.3452452891731,190.85124380677135,225.80081372511216,41.52762980132045,214.02074050355492,234.7387144947344,119.03973389612744,192.16980064232968,451.0053518726082,177.7921857846,104.34746825994654,291.0892347272328,232.6387479169364,220.7232272317083,224.52129981174588,108.3374494132625,87.791141765013,106.96861886048644,112.52759050355846,21.779278979994483,24.879308917259067,19.69766003265925,91.6875051949117,13083.060929949705,338958.4075502539,891550.9495738948,2966.0368893643904,16.57945477180201
2015-06-01,13981.110346464708,11598.668492073804,115.6143846726465,1236369.3362496928,472384.79768173833,111.05302882638924,104.0426867476503,106.7742823435864,102.824850004758,113.28050171854127,100.30769344411368,116.80320077125566,120.01143585562735,126.23205917078164,95.669095487218,106.84579730485886,107.37958994725678,116.9134995916928,80.5609500905262,157589.1059575759,148965.03492083694,5.456493088507306,33.54301435396929,2456.181045462393,2227.7362610952123,3986.0533054550074,1299.0250961216386,2694.265799640812,271.8911407040714,142014.08137181777,19441.787724603135,876.2260590559384,6182.5685625462265,12335.81883015588,7838.727903150226,4498.692901417079,122718.8382203931,27023.80548898951,5972.356534561278,15752.29538979141,8110.132983542991,22109.458086926872,40.33479119638518,4.770519723801495,40.83931046854603,1206.4417701795169,147.41554377228596,234.84329090554587,529.2636182749964,276.7132148669546,1130.623619116227,146.94554495119888,217.970961134922,465.2197817867111,278.788178561993,220584.47891848176,267286.161194017,94076.4838604145,1220961.1029142612,1834719.887151505,1.265835334207796,2755.1177964443054,11786.266260283552,4908.845653923479,2611.1159277303423,1332.149945654777,1640954.3344052918,1917.6523993058431,3640.474888657604,2502.022315194392,0.1612714867932255,2255.1153354919816,2994.5959348467945,1.7923763505982877,19.442152531941023,0.4783018826967201,0.5988347771427432,0.5041835187035762,0.5704183917290738,0.6601835127007373,2.0383425514243014,2.6398567982579415,4.044090193143834,4.7261316228168475,0.1305352844919656,-0.3654824338819139,-0.2091255886338082,0.2022390917233807,1.1101097488381209,1.5716937048592745,2.48193632466296,3.4430841646748656,82.22151727003016,0.9481167202695692,115.483096752022,1.5872119543822472,1.1252730554504096,193.47222540395512,204.22656957391283,189.59643513106283,223.5065425013274,37.34321997639544,217.40363333657925,234.3703952467173,117.92590335479235,189.45573579130465,452.931773164697,176.47040339641995,103.5755475830164,291.7157803089856,232.1599919443918,219.99354886338273,224.10977992699983,108.23496315035348,87.1997094674685,106.20449580904562,112.76450832079291,21.792673040624635,24.855035311511855,19.71975463086249,92.04308782732689,13106.555914728691,342497.5289861067,898422.5669213578,2983.2705605235133,16.794082243756648
2015-07-01,14023.441401809365,11634.5627889325,115.96926875683248,1241805.671127221,475481.3470111783,111.62069613417586,104.5330333001015,107.29299974050772,103.22977231257843,114.22523065875498,100.56348476999766,117.71575488429912,120.68732858470769,127.2112860892698,96.13284896738136,107.44057240347053,107.54062980327495,117.21948271897088,80.80387504003873,157770.04099548902,149201.51978368632,5.4161953776203005,33.59613794422417,2449.252043976557,2210.8214411539525,3957.161149466348,1285.3436971575272,2679.804504443184,269.0652106171568,142288.681950281,19465.486619224674,877.1567089344683,6193.7366781223855,12349.137100553691,7850.389107977089,4500.582114558171,122992.31158910622,27076.98121085879,5983.274728995797,15786.83044900209,8124.856266887984,22137.39999140783,40.32603253455274,4.800388038695502,40.828814828007026,1224.1725215108847,149.17811593474914,238.4953085113962,536.5948297363637,281.49471546567526,1147.282028377724,148.73853713331252,221.3344666960761,471.6403574488598,283.65123663400595,222240.33273327615,270518.7053581421,95546.65076213596,1227413.364831242,1845213.6641163577,1.262257447715594,2731.546425319898,11803.704832889043,4915.199030024683,2463.474988122794,1192.4290614421884,1581055.1223237752,1944.1992740051387,3645.8212936628993,2519.110093075684,0.1612926402077658,2281.2390820182036,3029.964075750109,1.7783754894224857,19.389165394941635,0.5204950674770886,0.6510007797619513,0.5565294164622828,0.6248047494162585,0.7177143910591016,2.0826939628669336,2.6729377103612775,4.059174581956431,4.723328147651579,0.1280016958367116,-0.3755407034425353,-0.2202018470040339,0.1901325450514324,1.0762951461484032,1.5228930325094503,2.431729426697591,3.392551068246155,82.17486330704546,0.9462414779126628,115.3758410081273,1.5877838968944786,1.1248827344840573,192.71862146281373,203.11950056253377,188.3687955976314,221.04400043676895,33.51929602747833,220.87088344798977,234.00015600672336,116.8456575914596,186.7945039121026,454.8573252802902,175.15856473862607,102.8054461453868,292.3435971536891,231.6829867251207,219.26873153897617,223.70251366638328,108.13326058422616,86.61025080181383,105.44522194037307,113.00400729595997,21.806529243845613,24.824039800613537,19.74438774142757,92.3715585819914,13125.67048200935,346382.46694527194,906100.9294483276,3000.873582851223,16.94315965716085
2015-08-01,14065.601003251251,11670.128757933766,116.323760370839,1247089.9667396597,478554.7602819559,112.16879310964474,105.0078805768458,107.79500192791122,103.62046140879468,115.12843746924632,100.81298664041589,118.60210583498542,121.33819214965482,128.15960537350827,96.57673056728092,108.0151123278612,107.70865166811836,117.51386044680712,81.02794695027278,157953.317470711,149436.1323839415,5.378489595744354,33.64453057231774,2443.001512830058,2195.4443069062804,3930.5058358591855,1272.8247544258809,2666.359216581358,266.48582091271044,142560.41513005891,19487.874375231484,878.0459003020695,6204.857949389141,12361.304672291137,7861.192601437822,4502.17431455502,123264.66033090316,27129.32202580705,5994.025794826746,15820.895390355265,8139.697351549006,22165.877792860734,40.31680316386512,4.828136256061834,40.81786679152573,1241.3413586753202,150.88181250380148,242.0090286410746,543.6865802776093,286.15892243951885,1163.4571566250138,150.47623732042848,224.58647161210024,477.8819956788041,288.3823833353154,223853.82584131885,273633.7825788274,96956.88005811388,1233925.75059955,1855641.1351176428,1.2588823490937362,2706.272410601893,11818.331121406374,4921.885432382529,2322.8908176850637,1064.0655624153642,1531342.4497469044,1971.7110257789368,3651.554263559042,2536.6274607499563,0.1613162337838978,2306.875743082617,3064.705393899649,1.7650856937426147,19.340739836456923,0.5597303054969712,0.6991776237001276,0.6047282773244275,0.6748300555920366,0.7705747740656137,2.1233775633547585,2.703209425597405,4.072922342086742,4.720345984707063,0.1253850606752837,-0.3854141456169453,-0.2311339053788689,0.1781048566459481,1.0433218170893328,1.4755131927179486,2.3833881006014037,3.344427128503344,82.12437636292941,0.9443171689123844,115.26367243842886,1.5883180098389078,1.124478378236782,191.9785856182347,202.0341710125498,187.1753198637863,218.4735909046059,30.04362620197678,224.43521609843745,233.6325867252466,115.79689057297357,184.2006486105025,456.7824006910802,173.8638512145886,102.03749436505218,292.97334083119085,231.21257826617156,218.55445757133415,223.30364812239296,108.03355738796128,86.02317350822075,104.69582383710028,113.2460549986711,21.820811744697235,24.786802551361745,19.771345243576757,92.67458431525662,13140.7463513356,350599.5055955874,914545.7214414136,3018.863089629174,17.09100145289655
2015-09-01,14107.796732295126,11705.58988648022,116.677866683767,1252241.1810448754,481595.15883473447,112.7007589752925,105.46979890156598,108.28325162627108,103.9992233577377,115.997022733657,101.05722014412136,119.46738883019012,121.9686292292661,129.08088906993405,97.00378814171576,108.57248990353168,107.88372503190902,117.80164417913322,81.23569025067424,158138.64831507634,149669.2059872432,5.343017409245601,33.688709879505915,2437.4030853788045,2181.392364603079,3905.827120383963,1261.3458440173251,2653.778673378187,264.1177716235113,142829.76660284324,19509.182979665908,878.9034881872408,6215.964383798696,12372.506362961996,7871.283554216023,4503.510584703207,123536.09710240432,27180.92868835707,6004.631515435085,15854.544928949768,8154.660955988943,22194.866556043813,40.3090962307762,4.853997509512185,40.80864070450225,1257.1653446067162,152.44570801579832,245.27893594807887,550.2301049540883,290.4317491207171,1178.3030512302616,152.06529052668824,227.58875953340257,483.5932847864081,292.7429479755293,225413.3622652576,276650.0212977092,98319.91926140986,1240505.334305487,1866018.9302028555,1.2557345935254056,2679.495277003494,11830.386484779792,4928.934788667338,2189.239027551529,946.8815756000796,1490875.8793157574,2000.1781527421872,3657.652494420961,2554.5521901501465,0.1613407918024849,2331.8270663133294,3098.547139908443,1.752709849892616,19.293828264246457,0.5961405383237443,0.7438666434966723,0.6492148463333924,0.7210080651123195,0.8193329887522051,2.160759579845364,2.731018583971869,4.085743593995624,4.717861820627024,0.1234294225146181,-0.3942407775251906,-0.2407962707228106,0.1675142829862227,1.0137864512348458,1.4329951927165998,2.339908711576115,3.3008642250338824,82.07524902557036,0.9424072297759912,115.14934371623686,1.5887392080648046,1.1241308191406796,191.2490652113277,200.96624267487363,186.01086992475751,215.7983257747722,26.889486799556696,228.09100090233636,233.26642324952377,114.7770633313732,181.66538600921777,458.7075462564871,172.58352251002265,101.27174366461544,293.60475298876304,230.7470209425344,217.84849939035917,222.91143253229455,107.93534682182666,85.43838739391488,103.95456052036764,113.49045923695483,21.83549960212089,24.743812717903133,19.800462796355777,92.95255664142378,13152.133917693933,355135.6866564252,923721.2921499332,3037.2197660632346,17.231419924529472
2015-10-01,14150.025462133395,11740.9452788895,117.03152500753302,1257262.2662837117,484602.3237011397,113.217036174896,105.91910485783627,108.7581166004293,104.36642943492096,116.83180371672798,101.29634807430128,120.31197949028474,122.57924385273805,129.97551255147457,97.41456143650136,109.11309264049538,108.06575760775578,118.08331361122394,81.4277788792438,158325.89314193104,149900.68913453212,5.30972201010318,33.729040002468594,2432.4262558900846,2168.5954353006587,3883.064882178966,1250.8537101103002,2642.058566637964,261.94800027403227,143096.71383640516,19529.422596803484,879.7300323874775,6227.0360315624675,12382.7688084622,7880.679437262304,4504.5998119494825,123806.57984029928,27231.805532130253,6015.091311256856,15887.782591585592,8169.73572776519,22224.33948733833,40.301580947523696,4.878054001303481,40.799683931372925,1272.1050969681698,153.91881443475378,248.3626815461267,556.4085257688866,294.4745089586559,1192.323415138467,153.56252558186688,230.42092134021152,488.9866603004992,296.87151410682145,226919.02298564665,279568.3775037641,99636.00056468965,1247147.2657119022,1876347.0358939648,1.2528078029248382,2651.404421921718,11840.103764920144,4936.340313798639,2062.372060519302,840.511969831232,1458710.8673579528,2029.59124023877,3664.095947621746,2572.8618104052653,0.1613662834774902,2356.083388217108,3131.477370685752,1.741226116242144,19.248351632313284,0.62980188525492,0.785183934153436,0.690128455592014,0.7634859695842816,0.8641499830515678,2.194975817642172,2.756472576678091,4.097687683585845,4.715882302510194,0.1216553126857411,-0.4026041311981312,-0.2499446514799095,0.1574484111959559,0.9859346083723928,1.3930160044092583,2.299276410364526,3.260417347647572,82.02771631613354,0.9405135730261424,115.03282688464353,1.589044026119708,1.1238423001000817,190.52660892615145,199.9108627423857,184.86997734558477,213.01869119948617,24.031225725685346,231.8315827439116,232.90014297304057,113.78376485936045,179.17944937030992,460.633308756072,171.31449064974038,100.5082389846894,294.23753161889874,230.28429655267416,217.1483167361148,222.5238764487517,107.83805156268336,84.85578655826008,103.21944148854764,113.73702714088108,21.85057294259559,24.69554540633263,19.831584360426685,93.2065986156791,13160.171570245226,359978.7841288696,933594.055817478,3055.922823821445,17.369276838200527
2015-11-01,14192.231405364855,11776.143747941513,117.38480211627603,1262159.2265662486,487582.3107708941,113.71803294242343,106.3561724006918,109.2199421039004,104.72247194180468,117.63357180822284,101.530556065669,121.1361738447972,123.17048529082588,130.84452605814187,97.8096385381168,109.6374807997487,108.2542116723663,118.35814980102543,81.60501495764717,158514.9355360862,150130.5934250678,5.278514789318066,33.76585976441439,2428.0141169516446,2156.9733931755536,3862.10673228766,1241.2716486844567,2631.172594286521,259.9627634918086,143361.30592350187,19548.609625964775,880.5252775297035,6238.056132282789,12392.12163610132,7889.398267543613,4505.453196149552,124076.13044051084,27281.983345377153,6025.410029721615,15920.627900091762,8184.908092006473,22254.25720091137,40.29428706594237,4.900417386569615,40.79104069333099,1285.9550027807857,155.2823660809491,251.21055647576753,562.1314778186171,298.24153172026786,1205.343884894595,154.95082016140472,233.04451272786935,493.99821294318656,300.71184367311156,228378.1938350989,282390.7086241875,100904.50316748313,1253845.1267527072,1886627.408843204,1.250075127503323,2622.1764835025065,11847.693353521432,4944.065235665971,1942.0708179534035,744.4267074527389,1433678.5191738012,2059.9435513006824,3670.8613566018153,2591.539665904565,0.16139304710572,2379.750934638461,3163.6404000701073,1.7304984814816189,19.20502721470959,0.6609205538014673,0.8232980390387494,0.727684645767642,0.8024703570441549,0.9052420954830778,2.2262296770479852,2.779704991125184,4.1087288810026985,4.714179730281765,0.119923703261592,-0.4103939588934678,-0.2584974119950272,0.1480033335999953,0.9600859742865624,1.356002258993935,2.261831355087514,3.2233823678131333,81.98030620694551,0.9386182570414908,114.91349251167009,1.5892606033977426,1.1235894100399888,189.81077281087215,198.86733099123657,183.75081009749977,210.14970439811012,21.447047941931345,235.6558167602322,232.5338626398106,112.81496274208448,176.7403798477475,462.560151431356,170.05647829622671,99.74709718908328,294.8716366202721,229.8242628337378,216.4536280298897,222.14068521461263,107.74159033961284,84.27540413993917,102.49037915748428,113.98562588648528,21.866009686859016,24.642432851895684,19.864556044468213,93.4389852349899,13165.165535493794,365118.18805719266,944133.7606711594,3074.9630379961445,17.497718459828242
2015-12-01,14234.413313794848,11811.189325075527,117.73773134279908,1266938.7311388447,490537.09779569315,114.20455547278064,106.78164194206435,109.66941689810096,105.06796843395232,118.4039329179823,101.76012384409675,121.9409585758578,123.74337849043884,131.68916518829283,98.18988383565602,110.14648744121445,108.4487779775238,118.6265452046374,81.76831844743872,158705.65031977455,150358.9711571729,5.2492835763148955,33.79948101518568,2424.1268691527725,2146.441957863077,3842.842659908338,1232.532602781836,2621.0818288555492,258.14776293333284,143623.64289396768,19566.79019544055,881.2906360565513,6249.017788923378,12400.613192527318,7897.474600235149,4506.084474265896,124344.7895878117,27331.49578898638,6035.593745994306,15953.100864025491,8200.169745058565,22284.590378684203,40.28737425848413,4.9211965050997675,40.78287035035941,1298.851157234429,156.5496554916113,253.85962753387432,567.459164914393,301.75720240180584,1217.4727739602524,156.2416803583721,235.4864034069076,498.66610971817295,304.29634112905495,229793.41467203488,285121.0355756452,102127.04470663868,1260595.7733272067,1896863.6686484823,1.247524004851023,2591.975389793347,11853.352228921894,4952.092138729044,1828.103321220365,658.0066994308118,1415005.224949408,2091.229591360119,3677.926566582319,2610.5702505862064,0.1614210517476638,2402.860026908349,3195.077032983768,1.7204763224161657,19.16380055376524,0.6896448604764603,0.8583954229709151,0.7620893742704236,0.8381747875151272,0.9428382502581352,2.2547091646198596,2.8008572728330408,4.11891960014726,4.712725065729781,0.1183352754081392,-0.4176440117665832,-0.2664585466631247,0.1391913081395073,0.9360952685888182,1.3217083366705855,2.2272648243938096,3.1893364586027246,81.93297398567091,0.9367206692975766,114.79139253842511,1.5893936064436054,1.1233695024976698,189.1012294633059,197.83511509480803,182.6517770479232,207.20577833600757,19.115773127469605,239.562864354632,232.16773795584712,111.86879197756004,174.34609217576963,464.48851275219687,168.80930277770295,98.98843347703536,295.5070370731142,229.36684084506496,215.76423373090844,221.7616313572232,107.64590188311738,83.69727682061776,101.76734101182826,114.23613319796638,21.88178884158829,24.58488136280705,19.899233442781593,93.65121431404324,13167.402743304829,370544.29162586905,955312.7321034792,3094.3322102400925,17.61926562109925
2016-01-01,14276.585906329428,11846.102007663068,118.09032684163392,1271607.4542508735,493467.2847101055,114.67751798919728,107.19621960928404,110.10732079681816,105.40359414152884,119.14474851350636,101.98535200097328,122.7275165909672,124.29911449399798,132.51069658964525,98.55623809324646,110.64101146099128,108.64923372359516,118.88923730930966,81.91862437367165,158897.90683876263,150585.87668160544,5.221914261069018,33.83021496286663,2420.7309472884317,2136.9193983312043,3825.17136003236,1224.5761646656547,2611.748049211212,256.4891818168627,143883.82872345662,19584.01609829227,882.0279400750607,6259.915586050881,12408.295703698412,7904.946612651596,4506.5077549088755,124612.59566212066,27380.37487183373,6045.648303586545,15985.220265490188,8215.513513709637,22315.31260556449,40.280872308642145,4.940497321096635,40.77520171380811,1310.806536111987,157.72226987748542,256.31471554968635,572.398961235721,305.0202807069805,1228.7164841756537,157.43608113636702,237.74890999533412,502.9924489905203,307.6261746518179,231165.6349562445,287764.0973704573,103306.02781727118,1267396.77154194,1907059.6792897736,1.245146613289012,2560.9524580724124,11857.266661909489,4960.4102360289135,1720.2403146812314,580.5839867892136,1402113.4797884752,2123.44458662148,3685.271832844609,2629.9376848020584,0.1614501580981198,2425.416069985189,3225.794240817425,1.7111366638522734,19.124391229852687,0.7160996976052584,0.8906617621915354,0.7935402532696969,0.8708093997372685,0.9771655255769752,2.2805936019765354,2.820070562389611,4.128335161434675,4.711550947410262,0.1169243289154429,-0.4243686688926363,-0.2738335130340396,0.1310087576418397,0.9139135500315796,1.290060529170952,2.19550087688757,3.1581871048020407,81.88612050610504,0.934825490105832,114.66676989392968,1.5894400328719376,1.1231864977640764,188.3968829347776,196.81264060336076,181.57049864151745,204.19634630357407,17.016460705181338,243.55042570184105,231.80146795368043,110.94348531826247,171.99300650245058,466.4188257467861,167.57206143649756,98.23234007976976,296.1436311221989,228.91145467835776,215.079347740272,221.38605001929923,107.55079684850064,83.12140438401146,101.04979455095356,114.4884217007857,21.897891472649256,24.523276848529363,19.935483695070992,93.84452688719406,13167.154589825685,376248.2557352688,967105.5263755382,3114.0197572263637,17.73505709671202
2016-02-01,14318.746933666784,11880.88410870092,118.44261434130448,1276171.2518872644,496374.636930106,115.13763154919188,107.60046735292968,110.5342591327637,105.72989244631282,119.85747821343176,102.20648396298176,123.49672222803989,124.83860235487964,133.31022461375423,98.90947025422416,111.12178925023304,108.85531162324362,119.14656145789957,82.05673342250593,159091.59344885085,150811.35092971745,5.196310453965442,33.858339986128875,2417.7920286113444,2128.3357258867304,3809.00212161856,1217.3472713735398,2603.1397169453453,254.9752459032556,144141.9458598137,19600.32636050973,882.7383777890459,6270.742557924666,12415.211045370706,7911.844182473028,4506.73499651358,124879.58062061474,27428.649210973177,6055.578787319363,16017.003190153784,8230.931754954028,22346.39778524498,40.27469623899971,4.958414987365703,40.76793954011778,1321.874689647536,158.80617700351254,258.58407252160936,576.9721887526068,308.047568098772,1239.1310456557796,158.5406517293213,239.8418556350015,507.0003642705974,310.7158182791715,232497.17538217467,290323.6323901139,104443.0267478791,1274245.1221233169,1917218.5090105883,1.2429318328407597,2529.247211464748,11859.610539839923,4969.004271082304,1618.2439919850292,511.4635865528029,1394484.6407252103,2156.584799961028,3692.878298408428,2649.62710626898,0.1614803458869582,2447.4472540780243,3255.830062444737,1.7024343239392392,19.086766268430107,0.7404142634700136,0.9202586019446162,0.8222167430065765,0.9005600682066269,1.0084232029487366,2.304047295928906,2.83746832097784,4.137020272977554,4.710629393336321,0.1156396302501431,-0.4306187232169403,-0.2806886585769018,0.1233810519187825,0.8933697133692577,1.2608141594240845,2.166286127561224,3.12969348664557,81.83969018549546,0.9329319398101772,114.53965473523,1.5894041444269789,1.1230378688240097,187.6967809042777,195.79854183064785,180.50485795461807,201.1306080730702,15.129344256288148,247.6164576728399,231.43480612728493,110.03741988951052,169.67800519846648,468.35150133767695,166.34398169857303,97.47890906451786,296.78132726144275,228.4576074684543,214.3982861614524,221.0133558163236,107.4561091632823,82.5477920309696,100.33728736704714,114.74237379256309,21.91429954030823,24.457981476960825,19.973181994410005,94.02024621814444,13164.674457235897,382222.02140742296,979488.7157043596,3134.0160548954223,17.844886964110383
2016-03-01,14360.891570540824,11915.535213801524,118.79462496505388,1280635.814042464,499261.1561388579,115.58556720942865,107.99491941202577,110.9508031044272,106.04737737887582,120.54351528230748,102.4237500017734,124.24940280006167,125.3626952653601,134.08883629275078,99.250310564738,111.58952749040232,109.06673841789696,119.39877105469468,82.18340248325286,159286.60691024948,151035.43592457566,5.172380037244671,33.884114769235886,2415.276884832665,2120.6260489628476,3794.248597725754,1210.794347227317,2595.2263854115276,253.59513616004452,144398.07576728263,19615.75813083529,883.4230268913224,6281.492384126067,12421.39880440744,7918.195504872287,4506.777553709428,125145.7780056698,27476.347123009873,6065.390271271263,16048.466550947358,8246.417202500194,22377.820834986123,40.268827728410365,4.9750401458050755,40.76106110444721,1332.087778692053,159.80498259606074,260.67392360869627,581.192195598679,310.8473308033251,1248.7473922598774,159.55911506331222,241.77130839618647,510.7022339617629,313.5731067402351,233790.62977009124,292803.29971002653,105539.54282460109,1281137.918213469,1927343.159835227,1.240868196276304,2496.987798432785,11860.545274588529,4977.858416054953,1521.869367647218,449.94569517004976,1391676.2913901033,2190.6475985100965,3700.727697862905,2669.6249259311157,0.1615116146417417,2468.9868829150005,3285.22944883117,1.6943211322191725,19.050934511583787,0.7627163965206298,0.94734012810707,0.8482909457601562,0.9276040495783504,1.0368008869498546,2.3252276457417005,2.853167551375964,4.14501300421883,4.7099222500930855,0.1144657573883017,-0.4364189058072864,-0.2870530727016129,0.1162777690330817,0.8743747370337738,1.233836073099662,2.1394724554140248,3.103697241558286,81.79354388013964,0.9310382918613146,114.41004642199236,1.589291577181274,1.122919937232288,187.00027534088557,194.79187871283497,179.45317743255308,198.01831578488873,13.435932489343214,251.7595310620498,231.06765308874705,109.1491181340618,167.3987390648281,470.2869252895979,165.12456634287173,96.72823596898752,297.4200595391891,228.00498483486868,213.7205895409723,220.64313566622084,107.36172336320374,81.97645750764588,99.62954701831752,114.9978841810408,21.93099567495489,24.389333391484683,20.012210708235475,94.17967004599944,13160.197527608088,388458.27302864846,992440.741404339,3154.3130724895223,17.94876831665271
2016-04-01,14403.020652700245,11950.060564713163,119.14638948433564,1285006.8124353297,502128.4511765135,116.02202310459494,108.38012770535494,111.35754760821376,106.35657326516862,121.20432026598483,102.63738404536946,124.98645083339854,125.87228682009795,134.84763460143142,99.57949983382296,112.04495036655038,109.28326702099923,119.6462122147801,82.29937297643775,159482.848955214,151258.1803711915,5.150030686268136,33.90777978311214,2413.1553173854486,2113.7284514961566,3780.827718333961,1204.8694310732644,2587.976658865362,252.33862112329615,144652.30655736476,19630.351332377533,884.0831139678082,6292.160608710453,12426.899483584471,7924.029835590724,4506.646691589238,125411.22536544476,27523.49718698418,6075.0880098697835,16079.627252310289,8261.963596390959,22409.558776821297,40.26327550315694,4.990459818553606,40.75457190074623,1341.490809468309,160.72337236217768,262.59460842448385,585.0781037513419,313.4297544969933,1257.6055133613324,160.49599529125288,243.54597792459805,514.1132141535552,316.20908373749575,235048.11502187615,295207.0182086714,106597.35296113984,1288072.7838920793,1937436.834175663,1.2389459062486854,2464.291421545026,11860.22100023047,4986.959037071056,1430.8705968863856,395.3444660587064,1393336.3146066498,2225.6313036073366,3708.8027381859506,2689.9183602694957,0.1615439282651814,2490.06119895852,3314.0276517497496,1.686758249661805,19.01683215083184,0.7831252592860625,0.9720577438550436,0.8719284392054758,0.9521133999595188,1.062482972033537,2.3442850315194774,2.867281677634279,4.152357178338191,4.709410795080624,0.1134049888892751,-0.4417917202227811,-0.2929484084426749,0.1096785622156473,0.8568441386182682,1.2089958641483909,2.11490955853623,3.08002468661306,81.74767366568014,0.9291444446406584,114.27801383133696,1.5891058038081882,1.122830983944058,186.30675834280837,193.79177420834984,178.41390656683677,194.86847211362985,11.918852179934635,255.97831366740263,230.69991007038897,108.2772215791474,165.15305372299525,472.2254640784791,163.91334919088433,95.98041297655664,298.05976404769154,227.5532885243485,213.04582386806277,220.27499888010476,107.26753058193704,81.40741877036199,98.92631514613068,115.2548549643668,21.94796346220974,24.31764883927004,20.05245976207104,94.32397284387538,13153.942467033765,394950.33524466865,1005941.7281445732,3174.903357817611,18.047042229394
2016-05-01,14445.135884238553,11984.466053783011,119.49793740584444,1289289.6566657082,504978.00067268335,116.44767050376716,108.75662200223752,111.75506444689232,106.65798159258168,121.84130957631072,102.84760914965756,125.70873349788906,126.36823790080828,135.5876817167052,99.89774730125714,112.48875332347272,109.50466726228778,119.88922795304998,82.40534473876505,159680.22744279497,151479.63193555913,5.129174760649142,33.9295590805451,2411.399377888118,2107.58560258304,3768.662236702352,1199.5284940557572,2581.3608162890896,251.19627883633223,144904.72331944035,19644.144448621864,884.7198294102386,6302.743359946778,12431.751742980472,7929.3751893333565,4506.353088553543,125675.95926443044,27570.126662756313,6084.677041205779,16110.501389575797,8277.56517865804,22441.590189009738,40.25802481608446,5.004755840717441,40.74845275286115,1350.1253139627067,161.565699521146,264.3548651267624,588.6473532773921,315.8051662000738,1265.7438837930913,161.35565312925092,245.17374487645864,517.2482519222208,318.6343268033146,236271.5900488863,297538.63516752794,107618.24765042728,1295047.5452749638,1947502.6261959784,1.237155935297105,2431.264918469035,11858.777254367154,4996.293555486551,1345.003428510216,347.00051579045873,1399180.2713530243,2261.535115545033,3717.0871013692094,2710.495314486213,0.1615772468496801,2510.694503960108,3342.257287137974,1.6797103039753507,18.984387525510268,0.801752521032566,0.9945545419229088,0.8932850856894754,0.9742503192904624,1.0856433298579062,2.361360782645638,2.8799175440318288,4.159095174578219,4.709080270729231,0.1124512809969975,-0.4467637318262423,-0.2984033670177955,0.1035532119600472,0.8406851710588842,1.1861565421293372,2.0924501501289705,3.0585198065486674,81.70209160709081,0.9272505494071654,114.14363413579228,1.5888498122855923,1.122769674284673,185.6156211964729,192.79735797931832,177.38556879083407,191.6891845061354,10.561855576745549,260.2714809486268,230.3314571802094,107.42047904205624,162.93889705732812,474.1674667336987,162.70985836641856,95.23552798259205,298.7003752434697,227.102210910696,212.37354994243248,219.90855370465985,107.17342162849776,80.84069213971523,98.22732297013826,115.51319449587186,21.96518743638931,24.24322344949887,20.09382626744617,94.45424709048864,13146.11237947881,401692.1011758165,1019973.3123146442,3195.77984913939,18.140044820058996
2016-06-01,14487.237857469294,12018.756267021943,119.84930031251612,1293489.5218752455,507811.3480042724,116.86314283882082,109.1249040721633,112.14389320492536,106.95207532868942,122.45582977030952,103.05463560196915,126.41707328573396,126.8513587255114,136.31000286799653,100.20572307913586,112.92159826286208,109.730713423607,120.12811347214068,82.50197483167126,159878.65741847488,151699.83794128077,5.109729212501987,33.9496592713909,2409.982581049868,2102.1444918403936,3757.6794452547656,1194.7306490218102,2575.3504930576814,250.1594581833274,145155.40869434644,19657.174093500984,885.3342810417422,6313.237309384826,12435.992043788092,7934.25799663121,4505.906811972024,125940.01634430756,27616.261935693732,6094.162272578748,16141.104535395076,8293.216597114664,22473.89486991777,40.25305835812401,5.0180052747999015,40.7426820095129,1358.0322168918403,162.33623959093626,265.96305837337405,591.9168656882242,317.98428737348837,1273.2011235788764,162.14244944481905,246.6624130628433,520.1223948098133,320.8594801480722,237463.0792403774,299801.8669126321,108603.94712288458,1302060.1634607331,1957543.5250205265,1.2354893986565414,2398.0053498682955,11856.343300229224,5005.849542263458,1264.0260367867108,304.28917373318603,1408971.3466401778,2298.3591195156996,3725.5652810925494,2731.3444724402366,0.1616115402216736,2530.9127483015022,3369.9531969897453,1.6731417607633834,18.95354948974321,0.8187057037569037,1.0149657432004364,0.9125083376019532,0.9941678269664204,1.1064457756288484,2.376588417318753,2.891175520947717,4.165265008368687,4.708911911577686,0.1115936725311013,-0.4513599836592073,-0.3034463244857059,0.0978718139926999,0.8258093829198797,1.1651869299852458,2.071951261487097,3.039031197989817,81.65677173429124,0.925356332036622,114.00696978487834,1.588527131307219,1.1227341976740886,184.92632733513665,191.8078649805566,176.36683964360694,188.48806066413465,9.349854971953723,264.63787082230584,229.962195929413,106.57774328772548,160.7544586721701,476.1132640301521,161.51368310647788,94.49366631545384,299.3418328037491,226.6514820377405,211.70337896766767,219.54344927265188,107.07929930450516,80.27629557785625,97.53233744043976,115.77281830218796,21.982652950820995,24.1663327706991,20.13621388786459,94.57153608794154,13136.895259963689,408677.9936609337,1034518.5180159088,3216.9361432213386,18.22794083661854
2016-07-01,14529.32740222959,12052.93586376274,120.20051053117491,1297611.3803536706,510629.9940582674,117.26904809518456,109.4854560510314,112.52455188421406,107.23930663720937,123.04918150349482,103.2586642110109,127.11226742182718,127.32242660995888,137.01559225352605,100.50406795224993,113.34412231221702,109.9611894092186,120.36314716971512,82.58988460450874,160078.05993681948,151918.84593606714,5.09161470207549,33.96827135608044,2408.880103192696,2097.355766910354,3747.8107873680447,1190.4379347010856,2569.9183755690256,249.22015779355448,145404.4438768185,19669.47576329129,885.927537979549,6323.639773518626,12439.6552475876,7938.703598117732,4505.317430550567,126203.43344102635,27661.9285868086,6103.548500358658,16171.451759122205,8308.912958018022,22506.453909415755,40.2483637749292,5.030280853442463,40.737243465089264,1365.2517634417018,163.03913931553282,267.4276487514589,594.9033437103495,319.9774742440888,1280.01473613098,162.86056817721996,248.0196872660455,522.7501245443478,322.8950398148773,238624.54535988,302000.3540689248,109556.15718469626,1309108.7846604434,1967562.455420727,1.233937871939784,2364.600578638259,11853.038643243954,5015.615159216643,1187.7005114062845,266.6260019483336,1422516.8090670272,2336.10425874864,3734.222537468269,2752.4552664905295,0.1616467786431381,2550.7414344295044,3397.149596900291,1.6670189196254768,18.92426809411575,0.8340871666042152,1.0334198171867788,0.9297378403938608,1.0120108253130804,1.125045359362963,2.3900940983946866,2.901150368384203,4.1709025806444675,4.70888792926583,0.1108249436087583,-0.4556033648031408,-0.3081024336323039,0.092608117640556,0.8121357323162827,1.1459664815735875,2.0532812572726615,3.021417986915393,81.61168703005261,0.9234615310530128,113.86808482397257,1.5881412165269009,1.1227227996852538,184.23841208546523,190.8226341206848,175.35654091761216,185.27224032256697,8.268897030677433,269.07649125575807,229.59205053144157,105.7479635654001,158.5981571649479,478.0631691712011,160.32447319511542,93.7549106857201,299.9840818309404,226.20087019721907,211.034972776197,219.1793757805857,106.98507845758762,79.71424861924011,96.84116139224273,116.03364875231084,22.000346136949172,24.087233195555253,20.17953245077481,94.6768218028769,13126.46473604324,415902.9221458558,1049561.6425933987,3238.3664836284006,18.310945871718676
2016-08-01,14571.406081406774,12087.010088797822,120.5516006835164,1301660.0186151543,513435.35875987634,117.66597394128128,109.8387440110994,112.89754133667844,107.52011022493858,123.62262856845604,103.45988779606616,127.79509550721258,127.78219315145424,137.70541565821858,100.79339755994296,113.75694158847512,110.19589023517555,120.59460237668696,82.66966340231787,160278.36147770332,152136.7039523136,5.074755142994604,33.985571810873196,2408.0687854303233,2093.1733091817277,3738.9914884928753,1186.6150724549248,2565.038024509373,248.3709481093875,145651.90908921926,19681.08415513505,886.5006480477565,6333.948742604777,12442.774883106433,7942.7364574922385,4504.594070414592,126466.24767278506,27707.151454370156,6112.840423675543,16201.557655354263,8324.64983558613,22539.249678849523,40.24393095904211,5.041651277166821,40.7321234561941,1371.8237138154104,163.67845318867782,268.7570969137936,597.6232865415075,321.794939365111,1286.2215955835793,163.51408450320204,249.2532011561605,525.1456049712073,324.7514435117733,239757.8431083153,304137.67996746406,110476.58747806762,1316191.7569222453,1977562.2965563997,1.2324934902562037,2331.1298433019797,11848.973612426713,5025.579297573761,1115.7942973607594,233.4699064919303,1439662.8798097218,2374.772297224992,3743.044896985067,2773.817803282188,0.1616829294224577,2570.2048165149604,3423.8789851933516,1.661310572229072,18.89648761340609,0.8479939206550096,1.0500391168864092,0.9451059078325816,1.027916750776033,1.1415891191044114,2.4019970350749187,2.9099317267855933,4.176042556560595,4.708993276985898,0.1101394198560043,-0.4595152903415414,-0.3123949197372191,0.0877380027394774,0.7995882691772718,1.1283820435096688,2.036316391622924,3.005547081193597,81.5668227093464,0.9215660531064724,113.72705075357646,1.5876952334181622,1.1227339709585396,183.5514567506167,189.8410722629417,174.35360601326815,182.0483093788218,7.306118738184722,273.5864687987485,229.2209544957926,104.93017710524444,156.46857799026014,480.0174790010744,159.14191534618462,93.01934053429416,300.62707062830077,225.75016600608612,210.3680245600891,218.81604981628936,106.89068165149108,79.15457115530522,96.15361791310072,116.2956142807324,22.018253897098067,24.00616301221123,20.223697664847577,94.77102239009427,13114.98090964857,423362.2411242972,1065088.1542123614,3260.065644717356,18.38928565488844
2016-09-01,14613.475692979428,12120.98425798037,120.90260355713988,1305640.017412769,516228.80900578713,118.05448273677456,110.18521432838264,113.26334095750552,107.7949005130125,124.17738624502324,103.65849001649912,128.46631026253831,128.23137734195518,138.3804046331538,101.0742987269166,114.16064688900848,110.4346207070974,120.82273819487364,82.74186734234574,160479.49382369273,152353.4596965097,5.059078056238339,34.001723423863815,2407.526971843953,2089.5541669266577,3731.1605550904055,1183.229301322191,2560.684077224055,247.6049505423503,145897.88263140596,19692.03277117986,887.0546202779168,6344.162724295686,12445.382919075117,7946.3799614380205,4503.745382812212,126728.49591349652,27751.95449734889,6122.042606977431,16231.436277996298,8340.423202824059,22572.265724601388,40.23974789719447,5.052181228340579,40.72730644812735,1377.7868378288867,164.2581128057773,269.9595754610241,600.0927304566186,323.4468103203036,1291.8578390502855,164.10696958027367,250.37039087480773,527.3227280580327,326.43898475296123,240864.75217993063,306217.33113144815,111366.91902280154,1323307.590528502,1987545.8516886644,1.2311488396884334,2297.664336462723,11844.24988086839,5035.7314386305425,1048.0811306026806,204.3242634025017,1460288.2304748415,2414.365793234207,3752.019116306546,2795.4228275160003,0.1617199601115708,2589.326410979495,3450.1728494832937,1.6559873405712102,18.870152972676173,0.860517944875502,1.0649395824664858,0.95873750614063,1.0420154228533014,1.1562158897900665,2.412409568821997,2.91760403718662,4.180717724520466,4.709214054335519,0.1095308918260564,-0.4631166603131791,-0.3163467018543571,0.0832374082411926,0.7880935067775579,1.1123247210295106,2.0209386376311693,2.9912930043905344,81.52216511526373,0.9196698355463332,113.58394026676989,1.5871922274031554,1.1227662867358736,182.86508474492004,188.8626483267706,173.3570709491749,178.82232209389878,6.449705158143672,278.1670434647016,228.8488496087454,104.12350245390508,154.36445739604034,481.976474784224,157.96572975041644,92.28703196137948,301.2707504812851,225.299180481271,209.7022562581996,218.45321228640069,106.79603854579628,78.59728324509018,95.46954843365124,116.55864900763544,22.036363869418892,23.923343357038004,20.268630779273185,94.85499880529522,13102.591117194996,431051.71602920134,1081084.6010210929,3282.02890191253,18.46317750746312
2016-10-01,14655.538138390351,12154.86363423887,121.25355223604087,1309555.7599925715,519011.6714582959,118.43511166394238,110.5252939511892,113.62240882672148,108.0640720381794,124.71462032597486,103.85464563348764,129.12663679836658,128.67066546966987,139.0414571603715,101.34732995902816,114.5558040866329,110.67719426316656,121.04779759452929,82.80702088732464,160681.393821993,152569.16052996897,5.0445144107449975,34.01687604329363,2407.23437124697,2086.458305996053,3724.260449737498,1180.2501347863886,2556.832178827084,246.9157915940105,146142.44092532754,19702.35392344205,887.5904234606854,6354.280704346615,12447.50980365447,7949.65643790164,4502.779563602985,126990.21481111234,27796.36084579505,6131.159487139093,16261.101173354731,8356.229402259842,22605.48668541794,40.2358029307877,5.061931597571017,40.72277745061045,1383.1786603436,164.78190183978109,271.0429877336489,602.3271585127673,324.9429770597063,1296.9584927736742,164.64305182957196,251.37846296224376,529.294939488673,327.96770097982596,241946.99149692975,308242.6908999944,112228.7954959393,1330454.9454158952,1997515.8499253092,1.2298968998417088,2264.2677683799297,11838.960950108703,5046.061573230091,984.341709923341,178.73661123393217,1484298.7448706375,2454.8880810744618,3761.132638744015,2817.2616999320203,0.1617578393039835,2608.1291983574747,3476.0619421765655,1.6510213820707604,18.84521137204858,0.8717466055979021,1.078231065254558,0.9707506853663124,1.0544294530073706,1.169056730986646,2.421437586391228,2.924246808731348,4.1849589234452065,4.709536996290248,0.1089932353520379,-0.4664271817397239,-0.3199794659346109,0.0790835429829578,0.7775821712018492,1.097691895581973,2.0070367939025098,2.978537675656971,81.47769843006196,0.9177728065052458,113.43882571650062,1.5866351843013364,1.1228183546484012,182.17896419366383,187.8868961718722,172.36607307367603,175.599851415862,5.6888417793930195,282.8175788451871,228.47568853102712,103.32713373692457,152.28467960693814,483.9404228013734,156.7956723992064,91.55805781481826,301.91507604479943,224.8477472328275,209.0374208294652,218.09063008127816,106.70108637985793,78.04240521821096,94.7888147341273,116.82269249502444,22.054664387469657,23.838979101833036,20.314258248727313,94.92955964441816,13089.430642437008,438967.49548718054,1097538.5337674532,3304.2520300596866,18.53282007041397
2016-11-01,14697.595525183711,12188.6535364588,121.60447987851308,1313411.438575816,521785.22296468035,118.80837428536483,110.85939148348332,113.97518304858656,108.32800062605548,125.23544932926538,104.04852105184985,129.776774345781,129.10071327817488,139.68943809563953,101.6130229462058,114.94295524577016,110.92343317195012,121.2700107406629,82.8656187280456,160884.00302090734,152783.85341314398,5.030998443811925,34.03116744894642,2407.1720015943647,2083.8483684850735,3718.2368721139137,1177.6491870421166,2553.458929022501,246.2975576729126,146385.65854730186,19712.078805711048,888.1089905413245,6364.302117150465,12449.184556709828,7952.587222869472,4501.7043784358775,127251.44071731548,27840.392812564296,6140.1953735458,16290.56538719996,8372.065128841934,22638.898246364413,40.23208516000528,5.070959680973049,40.7185224246447,1388.0355485645528,165.25346488268335,272.0150175304888,604.3415648202474,326.293054169175,1301.5574690360854,165.1260167443969,252.28440816238364,531.0752291233814,329.3473747834737,243006.20769841564,310217.0403657707,113063.82439499177,1337632.6274032332,2007474.9490549744,1.2287310560409104,2230.9969127237778,11833.192638502407,5056.560222063001,924.3642509085412,156.29733180740627,1511624.2062428235,2496.343251421155,3770.3735629799976,2839.326365290747,0.1617965358516376,2626.635404221184,3501.5759846152832,1.646386502159262,18.8216106273691,0.8817627264653874,1.090017643339209,0.9812569013684024,1.0652746180861776,1.180235345377722,2.429180823984928,2.9299348985507327,4.188795315709627,4.709949874938361,0.1085209806454048,-0.4694654731344438,-0.3233136252696017,0.0752549419067585,0.7679889162135397,1.08438683314454,1.9945062199473953,2.9671700563728467,81.43340801985912,0.9158749223533172,113.29178028720268,1.5860269748920537,1.1228888605843332,181.49280412293243,186.9134088450104,171.3798427686311,172.3860089081996,5.013660047555397,287.5375577086703,228.1014336874074,102.54033494386864,150.22826196606422,485.90957506597033,155.6315316314335,90.83248763950252,302.5600051202573,224.3957205221177,208.37329964547425,217.7280940293668,106.60576936363528,77.48995749676804,94.11129697388682,117.08768940245984,22.073144448918427,23.753259755694167,20.360511436212136,94.99546242509489,13075.623438028568,447106.0862290602,1114438.436961586,3326.731276411033,18.598411008002483
